,tickers,Time of Creation,prediction,count
0,AA,2021-06-03,1,1
7,AAL,2020-03-16,1,1
1,AAL,2020-03-19,1,2
2,AAL,2020-06-10,1,1
3,AAL,2020-06-26,1,1
4,AAL,2020-08-10,1,1
5,AAL,2020-12-04,1,1
6,AAL,2021-02-20,1,1
8,AAPL,2019-01-02,1,2
34,AAPL,2019-01-06,1,1
35,AAPL,2019-02-19,1,1
36,AAPL,2019-03-25,1,1
37,AAPL,2019-05-03,1,1
38,AAPL,2019-06-05,1,1
39,AAPL,2019-08-22,1,1
40,AAPL,2019-10-12,1,1
41,AAPL,2019-11-05,1,1
42,AAPL,2019-11-18,1,1
43,AAPL,2020-01-11,1,1
33,AAPL,2020-01-25,1,1
32,AAPL,2020-04-30,1,1
15,AAPL,2020-08-10,1,1
31,AAPL,2020-08-15,1,1
16,AAPL,2020-08-17,1,1
11,AAPL,2020-08-19,1,2
17,AAPL,2020-08-20,1,1
18,AAPL,2020-08-22,1,1
12,AAPL,2020-08-29,1,2
19,AAPL,2020-09-03,1,1
20,AAPL,2020-09-05,1,1
21,AAPL,2020-09-15,1,1
10,AAPL,2020-09-18,1,2
22,AAPL,2020-09-27,1,1
23,AAPL,2020-09-28,1,1
9,AAPL,2020-10-10,1,2
24,AAPL,2020-10-11,1,1
25,AAPL,2020-10-13,1,1
26,AAPL,2020-10-14,1,1
27,AAPL,2020-11-27,1,1
28,AAPL,2020-12-16,1,1
29,AAPL,2020-12-25,1,1
13,AAPL,2021-01-12,1,2
30,AAPL,2021-02-03,1,1
14,AAPL,2021-02-22,1,2
44,AAPL,2021-04-28,1,1
45,AAPL,2021-05-07,1,1
46,AAPL,2021-08-01,1,1
47,AAPL,2021-08-27,1,1
48,AAPL,2021-11-29,1,1
49,AB,2020-03-03,1,1
50,ABB,2020-12-09,1,2
51,ABC,2021-06-02,1,1
52,ABCL,2021-12-24,1,1
54,ABNB,2020-12-06,1,1
55,ABNB,2020-12-09,1,1
53,ABNB,2020-12-13,1,1
56,ABNB,2020-12-14,1,1
57,ABT,2021-01-29,1,1
59,ACB,2019-02-11,1,1
58,ACB,2019-12-29,1,2
60,ACB,2020-02-06,1,1
61,ACB,2020-11-26,1,1
62,ACB,2021-04-29,1,1
63,ACB,2021-05-01,1,1
64,ACM,2022-08-05,1,1
66,ACT,2020-09-20,1,1
65,ACT,2021-06-03,1,1
67,ADBE,2020-11-27,1,1
68,ADM,2019-07-09,1,1
69,ADMA,2020-08-14,1,2
70,AFRM,2021-08-27,1,1
71,AFRM,2022-02-10,1,1
72,AG,2021-01-28,1,2
73,AG,2021-02-01,1,1
74,AG,2021-02-11,1,1
75,AG,2022-01-19,1,1
76,AIR,2021-02-02,1,1
77,AKA,2019-08-19,1,1
78,AKA,2020-04-12,1,1
79,AKA,2021-01-28,1,1
80,AKA,2021-01-29,1,1
81,AKA,2021-03-04,1,1
82,AKA,2021-04-23,1,1
83,AKA,2021-05-10,1,1
84,ALLY,2020-02-20,1,2
204,AMC,2020-03-20,1,1
203,AMC,2020-10-21,1,1
129,AMC,2020-11-16,1,2
202,AMC,2020-12-15,1,1
201,AMC,2021-01-18,1,1
130,AMC,2021-01-25,1,2
87,AMC,2021-01-27,1,21
90,AMC,2021-01-28,1,15
88,AMC,2021-01-29,1,16
107,AMC,2021-01-30,1,4
122,AMC,2021-01-31,1,2
85,AMC,2021-02-01,1,31
89,AMC,2021-02-02,1,15
86,AMC,2021-02-03,1,25
200,AMC,2021-02-08,1,1
153,AMC,2021-02-09,1,1
154,AMC,2021-02-11,1,1
155,AMC,2021-02-15,1,1
156,AMC,2021-02-17,1,1
157,AMC,2021-02-18,1,1
117,AMC,2021-02-19,1,3
158,AMC,2021-02-22,1,1
99,AMC,2021-02-23,1,5
106,AMC,2021-02-24,1,4
98,AMC,2021-02-25,1,6
100,AMC,2021-02-26,1,5
159,AMC,2021-02-27,1,1
160,AMC,2021-03-03,1,1
102,AMC,2021-03-08,1,5
97,AMC,2021-03-09,1,7
93,AMC,2021-03-10,1,8
116,AMC,2021-03-11,1,3
127,AMC,2021-03-12,1,2
161,AMC,2021-03-14,1,1
95,AMC,2021-03-15,1,8
104,AMC,2021-03-16,1,5
162,AMC,2021-03-28,1,1
163,AMC,2021-03-29,1,1
125,AMC,2021-03-30,1,2
164,AMC,2021-04-03,1,1
165,AMC,2021-04-14,1,1
124,AMC,2021-04-15,1,2
166,AMC,2021-04-16,1,1
167,AMC,2021-04-23,1,1
152,AMC,2021-04-28,1,1
150,AMC,2021-05-06,1,1
133,AMC,2021-05-10,1,1
123,AMC,2021-05-11,1,2
149,AMC,2021-05-13,1,1
134,AMC,2021-05-15,1,1
135,AMC,2021-05-17,1,1
136,AMC,2021-05-22,1,1
137,AMC,2021-05-24,1,1
126,AMC,2021-05-25,1,2
111,AMC,2021-05-26,1,3
91,AMC,2021-05-27,1,10
96,AMC,2021-05-28,1,7
105,AMC,2021-05-29,1,4
138,AMC,2021-05-30,1,1
139,AMC,2021-05-31,1,1
101,AMC,2021-06-01,1,5
92,AMC,2021-06-02,1,8
94,AMC,2021-06-03,1,8
128,AMC,2021-06-04,1,2
140,AMC,2021-06-05,1,1
141,AMC,2021-06-06,1,1
113,AMC,2021-06-07,1,3
112,AMC,2021-06-08,1,3
121,AMC,2021-06-09,1,2
108,AMC,2021-06-10,1,3
142,AMC,2021-06-13,1,1
109,AMC,2021-06-14,1,3
103,AMC,2021-06-15,1,5
110,AMC,2021-06-16,1,3
131,AMC,2021-06-17,1,2
143,AMC,2021-06-18,1,1
144,AMC,2021-06-19,1,1
145,AMC,2021-06-20,1,1
146,AMC,2021-06-21,1,1
147,AMC,2021-06-29,1,1
148,AMC,2021-06-30,1,1
168,AMC,2021-07-02,1,1
151,AMC,2021-07-03,1,1
169,AMC,2021-07-11,1,1
183,AMC,2021-07-18,1,1
185,AMC,2021-07-19,1,1
114,AMC,2021-08-05,1,3
119,AMC,2021-08-18,1,2
186,AMC,2021-08-28,1,1
115,AMC,2021-08-30,1,3
187,AMC,2021-09-08,1,1
188,AMC,2021-10-14,1,1
189,AMC,2021-10-15,1,1
190,AMC,2021-10-26,1,1
191,AMC,2021-10-31,1,1
118,AMC,2021-11-03,1,2
192,AMC,2021-12-14,1,1
193,AMC,2021-12-23,1,1
194,AMC,2022-01-05,1,1
195,AMC,2022-01-08,1,1
196,AMC,2022-01-20,1,1
197,AMC,2022-02-10,1,1
198,AMC,2022-02-11,1,1
199,AMC,2022-02-25,1,1
184,AMC,2022-03-01,1,1
182,AMC,2022-03-31,1,1
170,AMC,2022-04-05,1,1
181,AMC,2022-05-27,1,1
171,AMC,2022-06-27,1,1
172,AMC,2022-06-29,1,1
173,AMC,2022-07-16,1,1
174,AMC,2022-07-18,1,1
175,AMC,2022-08-04,1,1
176,AMC,2022-08-05,1,1
177,AMC,2022-08-06,1,1
178,AMC,2022-08-20,1,1
120,AMC,2022-08-22,1,2
132,AMC,2022-08-31,1,2
179,AMC,2022-09-26,1,1
180,AMC,2022-11-14,1,1
223,AMD,2019-01-09,1,1
224,AMD,2019-01-11,1,1
225,AMD,2019-01-27,1,1
226,AMD,2019-01-29,1,1
227,AMD,2019-02-13,1,1
228,AMD,2019-03-22,1,1
229,AMD,2019-05-06,1,1
230,AMD,2019-05-20,1,1
231,AMD,2019-06-03,1,1
251,AMD,2019-06-09,1,1
252,AMD,2019-06-11,1,1
253,AMD,2019-07-27,1,1
254,AMD,2019-08-15,1,1
255,AMD,2019-10-29,1,1
256,AMD,2019-11-02,1,1
257,AMD,2019-11-05,1,1
258,AMD,2019-11-06,1,1
259,AMD,2019-11-18,1,1
260,AMD,2019-11-19,1,1
261,AMD,2020-01-02,1,1
213,AMD,2020-01-07,1,2
262,AMD,2020-01-09,1,1
263,AMD,2020-01-15,1,1
264,AMD,2020-01-28,1,1
265,AMD,2020-02-19,1,1
250,AMD,2020-02-20,1,1
212,AMD,2020-02-21,1,2
249,AMD,2020-02-22,1,1
232,AMD,2020-03-03,1,1
248,AMD,2020-03-18,1,1
233,AMD,2020-03-20,1,1
234,AMD,2020-06-18,1,1
235,AMD,2020-07-20,1,1
236,AMD,2020-07-28,1,1
237,AMD,2020-09-06,1,1
238,AMD,2020-10-01,1,1
239,AMD,2020-10-02,1,1
211,AMD,2020-10-05,1,3
240,AMD,2020-10-11,1,1
221,AMD,2020-10-27,1,2
241,AMD,2020-11-30,1,1
242,AMD,2021-01-14,1,1
243,AMD,2021-01-20,1,1
244,AMD,2021-01-24,1,1
222,AMD,2021-01-29,1,2
245,AMD,2021-02-02,1,1
220,AMD,2021-02-04,1,2
246,AMD,2021-02-08,1,1
247,AMD,2021-02-09,1,1
266,AMD,2021-02-10,1,1
214,AMD,2021-02-11,1,2
267,AMD,2021-02-12,1,1
268,AMD,2021-02-13,1,1
269,AMD,2021-02-27,1,1
277,AMD,2021-03-03,1,1
206,AMD,2021-03-09,1,4
278,AMD,2021-04-05,1,1
279,AMD,2021-04-07,1,1
217,AMD,2021-04-23,1,2
218,AMD,2021-04-25,1,2
205,AMD,2021-05-04,1,7
219,AMD,2021-06-10,1,2
280,AMD,2021-06-24,1,1
281,AMD,2021-06-28,1,1
282,AMD,2021-06-29,1,1
210,AMD,2021-06-30,1,3
276,AMD,2021-07-04,1,1
209,AMD,2021-07-05,1,3
216,AMD,2021-08-02,1,2
215,AMD,2021-08-03,1,2
208,AMD,2021-08-04,1,3
283,AMD,2021-09-29,1,1
285,AMD,2021-10-26,1,1
286,AMD,2021-11-17,1,1
287,AMD,2022-01-02,1,1
288,AMD,2022-01-11,1,1
289,AMD,2022-01-29,1,1
290,AMD,2022-02-01,1,1
284,AMD,2022-02-04,1,1
207,AMD,2022-05-03,1,4
275,AMD,2022-06-27,1,1
274,AMD,2022-07-28,1,1
273,AMD,2022-08-01,1,1
270,AMD,2022-08-03,1,1
271,AMD,2022-08-25,1,1
272,AMD,2022-09-09,1,1
291,AMRS,2021-03-28,1,3
311,AMZN,2019-01-11,1,1
312,AMZN,2019-02-19,1,1
313,AMZN,2019-04-02,1,1
314,AMZN,2019-04-25,1,1
315,AMZN,2019-06-07,1,1
316,AMZN,2020-04-14,1,1
317,AMZN,2020-04-15,1,1
318,AMZN,2020-06-01,1,1
319,AMZN,2020-07-08,1,1
320,AMZN,2020-07-25,1,1
321,AMZN,2020-08-14,1,1
322,AMZN,2020-09-05,1,1
310,AMZN,2020-10-12,1,1
309,AMZN,2021-01-17,1,1
293,AMZN,2021-01-23,1,1
308,AMZN,2021-01-24,1,1
294,AMZN,2021-01-30,1,1
295,AMZN,2021-02-03,1,1
296,AMZN,2021-04-30,1,1
297,AMZN,2021-05-07,1,1
298,AMZN,2021-06-01,1,1
299,AMZN,2021-06-17,1,1
292,AMZN,2021-07-19,1,2
300,AMZN,2021-07-30,1,1
301,AMZN,2021-07-31,1,1
302,AMZN,2021-08-01,1,1
303,AMZN,2021-10-26,1,1
304,AMZN,2021-11-23,1,1
305,AMZN,2022-04-28,1,1
306,AMZN,2022-06-02,1,1
307,AMZN,2022-11-05,1,1
325,AN,2020-12-06,1,1
323,AN,2021-01-29,1,2
324,AN,2021-03-13,1,1
327,API,2019-07-15,1,1
326,API,2021-05-30,1,1
331,APP,2021-01-10,1,1
328,APP,2021-01-28,1,1
329,APP,2021-02-02,1,1
330,APP,2022-01-21,1,1
332,APPH,2021-02-19,1,1
333,APRN,2020-03-20,1,1
334,APT,2020-02-27,1,1
335,ARQQ,2022-04-13,1,1
336,ARR,2021-07-16,1,1
337,ARVL,2021-06-15,1,1
338,ASO,2021-03-03,1,3
340,ASO,2021-03-04,1,3
339,ASO,2021-03-08,1,3
343,ASO,2021-03-10,1,1
344,ASO,2021-03-29,1,1
345,ASO,2021-03-30,1,1
346,ASO,2021-04-01,1,1
347,ASO,2021-04-02,1,1
348,ASO,2021-04-05,1,1
342,ASO,2021-04-06,1,2
349,ASO,2021-04-20,1,1
341,ASO,2021-05-03,1,2
350,ASO,2021-06-02,1,1
351,ASO,2021-06-07,1,1
352,ASO,2021-06-08,1,1
353,ASO,2021-06-13,1,1
354,ASO,2021-06-16,1,1
355,ASO,2021-09-09,1,1
364,ASTS,2021-06-08,1,1
365,ASTS,2021-06-09,1,1
366,ASTS,2021-06-15,1,1
361,ASTS,2021-06-17,1,2
363,ASTS,2021-07-09,1,1
360,ASTS,2021-08-27,1,2
367,ASTS,2021-08-30,1,1
357,ASTS,2021-08-31,1,3
369,ASTS,2021-09-02,1,1
370,ASTS,2021-09-16,1,1
359,ASTS,2021-09-17,1,2
371,ASTS,2021-09-20,1,1
372,ASTS,2021-09-21,1,1
373,ASTS,2021-10-11,1,1
358,ASTS,2022-08-17,1,2
374,ASTS,2022-09-11,1,1
368,ASTS,2022-11-04,1,1
356,ASTS,2022-11-07,1,3
362,ASTS,2022-11-11,1,1
375,ATA,2021-06-02,1,1
376,ATNX,2021-02-20,1,1
377,ATVI,2020-02-08,1,1
378,ATVI,2020-03-09,1,1
379,ATVI,2020-08-05,1,1
380,ATVI,2020-08-06,1,1
381,ATVI,2021-08-28,1,1
382,ATVI,2022-01-18,1,1
383,AU,2021-02-02,1,1
384,AUPH,2019-11-29,1,1
385,AUPH,2021-01-21,1,1
386,AUPH,2021-01-24,1,1
387,AUY,2020-05-18,1,1
388,AVGO,2019-01-06,1,1
389,AVIR,2021-08-11,1,1
391,AVPT,2021-07-17,1,1
392,AVPT,2021-07-20,1,1
390,AVPT,2021-09-03,1,1
395,AZN,2020-07-15,1,1
394,AZN,2020-07-17,1,1
393,AZN,2020-07-20,1,1
396,BA,2019-12-24,1,1
397,BA,2020-01-15,1,1
398,BA,2020-03-24,1,1
399,BA,2020-04-08,1,1
400,BA,2020-06-11,1,1
401,BA,2020-07-13,1,1
402,BA,2020-08-21,1,1
403,BA,2021-04-21,1,1
423,BABA,2019-09-27,1,1
424,BABA,2020-06-28,1,1
425,BABA,2020-11-14,1,1
426,BABA,2020-12-29,1,1
427,BABA,2021-01-04,1,1
428,BABA,2021-01-05,1,1
429,BABA,2021-01-07,1,1
405,BABA,2021-01-17,1,2
422,BABA,2021-02-01,1,1
421,BABA,2021-03-13,1,1
407,BABA,2021-05-07,1,1
420,BABA,2021-05-12,1,1
408,BABA,2021-06-17,1,1
409,BABA,2021-07-08,1,1
410,BABA,2021-07-12,1,1
404,BABA,2021-08-23,1,3
406,BABA,2021-08-24,1,2
411,BABA,2021-08-25,1,1
412,BABA,2021-10-02,1,1
413,BABA,2021-10-07,1,1
414,BABA,2021-11-05,1,1
415,BABA,2022-02-16,1,1
416,BABA,2022-03-13,1,1
417,BABA,2022-03-16,1,1
418,BABA,2022-04-05,1,1
419,BABA,2022-10-24,1,1
430,BAC,2019-01-06,1,1
431,BAC,2019-04-07,1,1
432,BAC,2019-10-17,1,1
433,BAC,2020-03-20,1,1
434,BARK,2021-07-02,1,1
435,BASE,2020-12-24,1,1
492,BB,2020-12-02,1,1
512,BB,2020-12-08,1,1
513,BB,2020-12-11,1,1
514,BB,2020-12-13,1,1
473,BB,2020-12-17,1,2
515,BB,2021-01-11,1,1
445,BB,2021-01-14,1,13
439,BB,2021-01-15,1,24
457,BB,2021-01-16,1,6
465,BB,2021-01-17,1,4
450,BB,2021-01-18,1,10
437,BB,2021-01-19,1,32
438,BB,2021-01-20,1,31
440,BB,2021-01-21,1,21
442,BB,2021-01-22,1,18
456,BB,2021-01-23,1,6
516,BB,2021-01-24,1,1
436,BB,2021-01-25,1,39
451,BB,2021-01-26,1,9
452,BB,2021-01-27,1,9
469,BB,2021-01-28,1,3
446,BB,2021-01-29,1,11
470,BB,2021-01-30,1,3
454,BB,2021-01-31,1,7
448,BB,2021-02-01,1,10
455,BB,2021-02-02,1,6
458,BB,2021-02-03,1,6
461,BB,2021-02-10,1,4
478,BB,2021-02-17,1,2
477,BB,2021-02-20,1,2
476,BB,2021-02-24,1,2
517,BB,2021-03-02,1,1
511,BB,2021-03-03,1,1
462,BB,2021-03-08,1,4
518,BB,2021-03-09,1,1
520,BB,2021-03-28,1,1
521,BB,2021-03-29,1,1
522,BB,2021-03-30,1,1
475,BB,2021-04-01,1,2
474,BB,2021-04-08,1,2
523,BB,2021-04-16,1,1
524,BB,2021-04-28,1,1
525,BB,2021-05-13,1,1
466,BB,2021-05-26,1,3
467,BB,2021-05-28,1,3
519,BB,2021-05-30,1,1
510,BB,2021-05-31,1,1
441,BB,2021-06-02,1,19
443,BB,2021-06-03,1,17
453,BB,2021-06-04,1,8
464,BB,2021-06-05,1,4
463,BB,2021-06-06,1,4
444,BB,2021-06-07,1,14
449,BB,2021-06-08,1,10
472,BB,2021-06-09,1,2
447,BB,2021-06-10,1,10
509,BB,2021-06-11,1,1
481,BB,2021-06-12,1,2
508,BB,2021-06-15,1,1
459,BB,2021-06-17,1,5
493,BB,2021-06-18,1,1
468,BB,2021-06-21,1,3
480,BB,2021-06-23,1,2
494,BB,2021-06-24,1,1
495,BB,2021-06-25,1,1
496,BB,2021-07-01,1,1
497,BB,2021-07-28,1,1
498,BB,2021-07-29,1,1
479,BB,2021-08-01,1,2
499,BB,2021-08-08,1,1
500,BB,2021-09-07,1,1
501,BB,2021-09-13,1,1
502,BB,2021-09-22,1,1
460,BB,2021-09-23,1,4
503,BB,2021-09-26,1,1
504,BB,2021-09-28,1,1
505,BB,2021-10-14,1,1
506,BB,2021-10-27,1,1
507,BB,2021-10-28,1,1
491,BB,2021-10-29,1,1
490,BB,2021-11-02,1,1
471,BB,2021-11-03,1,2
489,BB,2021-11-05,1,1
488,BB,2021-11-13,1,1
482,BB,2021-11-19,1,1
483,BB,2021-11-25,1,1
484,BB,2021-11-29,1,1
485,BB,2021-12-03,1,1
486,BB,2021-12-21,1,1
487,BB,2021-12-22,1,1
571,BBBY,2019-04-11,1,1
572,BBBY,2020-12-29,1,1
557,BBBY,2021-01-05,1,2
552,BBBY,2021-01-12,1,3
573,BBBY,2021-01-15,1,1
553,BBBY,2021-01-17,1,3
574,BBBY,2021-01-26,1,1
575,BBBY,2021-09-30,1,1
576,BBBY,2021-11-03,1,1
577,BBBY,2021-11-05,1,1
578,BBBY,2021-11-10,1,1
556,BBBY,2022-03-08,1,2
579,BBBY,2022-05-09,1,1
570,BBBY,2022-06-18,1,1
546,BBBY,2022-08-04,1,5
539,BBBY,2022-08-05,1,8
569,BBBY,2022-08-06,1,1
535,BBBY,2022-08-07,1,12
536,BBBY,2022-08-08,1,12
533,BBBY,2022-08-09,1,18
547,BBBY,2022-08-10,1,4
542,BBBY,2022-08-11,1,6
537,BBBY,2022-08-12,1,12
559,BBBY,2022-08-13,1,1
548,BBBY,2022-08-14,1,4
527,BBBY,2022-08-15,1,27
528,BBBY,2022-08-16,1,27
526,BBBY,2022-08-17,1,31
530,BBBY,2022-08-18,1,23
531,BBBY,2022-08-19,1,23
543,BBBY,2022-08-20,1,6
538,BBBY,2022-08-21,1,10
544,BBBY,2022-08-22,1,6
534,BBBY,2022-08-23,1,14
529,BBBY,2022-08-24,1,24
540,BBBY,2022-08-25,1,7
549,BBBY,2022-08-26,1,4
545,BBBY,2022-08-27,1,5
554,BBBY,2022-08-28,1,3
541,BBBY,2022-08-29,1,6
532,BBBY,2022-08-30,1,20
555,BBBY,2022-08-31,1,3
550,BBBY,2022-09-01,1,4
568,BBBY,2022-09-03,1,1
551,BBBY,2022-09-05,1,4
558,BBBY,2022-09-06,1,2
560,BBBY,2022-09-08,1,1
561,BBBY,2022-09-12,1,1
562,BBBY,2022-09-13,1,1
563,BBBY,2022-09-15,1,1
564,BBBY,2022-09-21,1,1
565,BBBY,2022-10-01,1,1
566,BBBY,2022-10-13,1,1
567,BBBY,2022-10-18,1,1
580,BBY,2019-12-17,1,1
581,BBY,2020-03-23,1,1
582,BBY,2021-02-01,1,1
583,BBY,2022-08-07,1,1
584,BBY,2022-08-18,1,1
585,BBY,2022-08-29,1,1
586,BCRX,2021-05-15,1,1
587,BCRX,2021-05-27,1,1
589,BE,2020-11-27,1,1
590,BE,2021-01-16,1,1
591,BE,2021-01-26,1,1
588,BE,2021-01-28,1,2
592,BE,2021-01-29,1,1
593,BE,2021-01-30,1,1
594,BE,2021-02-02,1,1
595,BE,2022-08-05,1,1
596,BEST,2021-01-29,1,1
597,BEST,2021-02-03,1,1
598,BG,2021-01-13,1,1
599,BGS,2021-06-14,1,1
600,BILI,2020-07-02,1,1
601,BILI,2021-01-09,1,1
602,BIT,2022-03-17,1,2
603,BITF,2021-02-19,1,1
604,BJ,2020-09-10,1,1
605,BKKT,2021-10-22,1,1
606,BLNK,2021-01-10,1,1
607,BMA,2019-09-05,1,1
608,BMY,2019-01-06,1,1
614,BNGO,2021-01-04,1,1
610,BNGO,2021-01-21,1,1
609,BNGO,2021-01-22,1,2
613,BNGO,2021-04-26,1,1
611,BNGO,2021-06-11,1,1
612,BNGO,2021-06-13,1,1
615,BODY,2021-02-01,1,1
616,BODY,2021-07-14,1,1
617,BODY,2021-08-05,1,1
618,BODY,2021-09-16,1,1
619,BOOM,2019-11-12,1,1
620,BOOM,2021-04-07,1,1
621,BOX,2020-05-21,1,2
622,BP,2021-06-05,1,1
623,BRK/A,2021-01-29,1,1
624,BRK/B,2021-01-23,1,1
625,BRO,2020-11-06,1,1
626,BROS,2021-12-18,1,1
627,BUD,2019-01-06,1,1
628,BUD,2019-08-13,1,1
629,BUD,2020-05-27,1,1
630,BY,2021-02-03,1,1
631,BY,2021-02-26,1,1
632,BY,2022-08-19,1,1
633,BYD,2021-01-10,1,1
634,BYD,2021-01-20,1,1
637,BYND,2019-06-10,1,1
638,BYND,2019-06-18,1,1
639,BYND,2019-06-20,1,1
635,BYND,2019-07-26,1,2
640,BYND,2019-08-20,1,1
641,BYND,2019-10-18,1,1
642,BYND,2019-12-16,1,1
643,BYND,2020-01-14,1,1
644,BYND,2020-02-13,1,1
645,BYND,2020-04-06,1,1
646,BYND,2020-04-27,1,1
647,BYND,2020-07-12,1,1
648,BYND,2020-08-07,1,1
649,BYND,2021-05-30,1,1
636,BYND,2022-06-22,1,1
660,C,2019-09-01,1,1
652,C,2020-08-31,1,1
651,C,2021-01-14,1,2
650,C,2021-01-29,1,2
659,C,2021-01-31,1,1
653,C,2021-02-02,1,1
654,C,2021-02-24,1,1
655,C,2021-02-25,1,1
656,C,2021-03-02,1,1
657,C,2021-06-28,1,1
658,C,2021-09-08,1,1
661,CAC,2021-08-12,1,1
662,CAR,2019-01-06,1,1
663,CARE,2021-02-01,1,1
664,CAT,2019-10-23,1,1
665,CAT,2020-03-10,1,1
666,CAT,2020-08-05,1,1
667,CAT,2021-05-06,1,1
668,CC,2019-12-01,1,1
673,CCJ,2021-09-07,1,1
672,CCJ,2021-09-08,1,2
671,CCJ,2021-09-10,1,2
670,CCJ,2021-09-11,1,2
674,CCJ,2021-09-14,1,1
675,CCJ,2021-09-15,1,1
676,CCJ,2022-03-09,1,1
669,CCJ,2022-05-04,1,2
677,CCL,2020-06-10,1,1
678,CCL,2021-02-19,1,1
679,CCLP,2021-01-27,1,1
680,CD,2022-05-23,1,1
681,CDE,2021-05-17,1,1
683,CGC,2019-08-09,1,1
684,CGC,2019-08-20,1,1
682,CGC,2019-08-28,1,1
685,CHGG,2019-09-19,1,1
686,CHGG,2022-02-01,1,1
687,CHH,2020-09-28,1,1
688,CHWY,2021-12-09,1,1
689,CHWY,2022-02-28,1,1
690,CL,2020-04-01,1,1
691,CL,2021-01-23,1,1
709,CLF,2021-01-06,1,1
708,CLF,2021-03-31,1,1
707,CLF,2021-04-24,1,1
706,CLF,2021-04-26,1,1
692,CLF,2021-06-09,1,19
693,CLF,2021-06-10,1,6
694,CLF,2021-06-11,1,6
696,CLF,2021-06-12,1,2
695,CLF,2021-07-01,1,3
697,CLF,2021-07-02,1,1
698,CLF,2021-07-07,1,1
699,CLF,2021-07-08,1,1
700,CLF,2021-07-13,1,1
701,CLF,2021-07-16,1,1
702,CLF,2021-07-21,1,1
703,CLF,2021-08-04,1,1
704,CLF,2021-10-18,1,1
705,CLF,2021-10-22,1,1
728,CLNE,2021-02-08,1,1
722,CLNE,2021-06-02,1,2
713,CLNE,2021-06-03,1,4
714,CLNE,2021-06-04,1,4
715,CLNE,2021-06-07,1,4
710,CLNE,2021-06-08,1,14
712,CLNE,2021-06-09,1,6
721,CLNE,2021-06-10,1,3
726,CLNE,2021-06-11,1,2
729,CLNE,2021-06-12,1,1
711,CLNE,2021-06-14,1,8
720,CLNE,2021-06-15,1,3
719,CLNE,2021-06-17,1,3
730,CLNE,2021-06-19,1,1
731,CLNE,2021-06-20,1,1
718,CLNE,2021-06-21,1,3
716,CLNE,2021-06-24,1,4
725,CLNE,2021-06-29,1,2
732,CLNE,2021-07-02,1,1
733,CLNE,2021-07-12,1,1
724,CLNE,2021-07-27,1,2
717,CLNE,2021-08-07,1,4
723,CLNE,2021-08-24,1,2
727,CLNE,2021-08-25,1,1
769,CLOV,2021-01-22,1,2
811,CLOV,2021-02-04,1,1
768,CLOV,2021-04-16,1,2
810,CLOV,2021-04-17,1,1
767,CLOV,2021-04-18,1,2
762,CLOV,2021-04-19,1,2
809,CLOV,2021-04-20,1,1
741,CLOV,2021-04-27,1,6
738,CLOV,2021-04-28,1,10
740,CLOV,2021-04-29,1,6
766,CLOV,2021-04-30,1,2
790,CLOV,2021-05-04,1,1
765,CLOV,2021-05-08,1,2
750,CLOV,2021-05-09,1,3
791,CLOV,2021-06-03,1,1
792,CLOV,2021-06-05,1,1
764,CLOV,2021-06-06,1,2
734,CLOV,2021-06-07,1,14
735,CLOV,2021-06-08,1,14
749,CLOV,2021-06-09,1,3
745,CLOV,2021-06-10,1,4
793,CLOV,2021-06-11,1,1
794,CLOV,2021-06-12,1,1
795,CLOV,2021-06-16,1,1
763,CLOV,2021-06-17,1,2
796,CLOV,2021-06-20,1,1
797,CLOV,2021-06-21,1,1
739,CLOV,2021-06-22,1,7
742,CLOV,2021-06-23,1,5
798,CLOV,2021-06-24,1,1
799,CLOV,2021-06-26,1,1
800,CLOV,2021-06-27,1,1
748,CLOV,2021-06-28,1,3
746,CLOV,2021-06-29,1,4
801,CLOV,2021-07-07,1,1
802,CLOV,2021-07-09,1,1
751,CLOV,2021-07-12,1,3
803,CLOV,2021-07-14,1,1
752,CLOV,2021-07-21,1,3
804,CLOV,2021-07-22,1,1
789,CLOV,2021-07-24,1,1
787,CLOV,2021-07-26,1,1
770,CLOV,2021-07-28,1,1
755,CLOV,2021-08-07,1,2
786,CLOV,2021-08-08,1,1
771,CLOV,2021-08-09,1,1
753,CLOV,2021-08-10,1,3
772,CLOV,2021-08-13,1,1
773,CLOV,2021-08-14,1,1
754,CLOV,2021-08-15,1,2
760,CLOV,2021-08-16,1,2
774,CLOV,2021-08-18,1,1
775,CLOV,2021-08-19,1,1
776,CLOV,2021-08-20,1,1
747,CLOV,2021-08-24,1,4
777,CLOV,2021-08-28,1,1
761,CLOV,2021-09-02,1,2
744,CLOV,2021-09-03,1,4
756,CLOV,2021-09-04,1,2
737,CLOV,2021-09-05,1,10
759,CLOV,2021-09-06,1,2
736,CLOV,2021-09-07,1,13
778,CLOV,2021-09-09,1,1
758,CLOV,2021-09-10,1,2
779,CLOV,2021-09-12,1,1
780,CLOV,2021-09-14,1,1
781,CLOV,2021-09-20,1,1
782,CLOV,2021-09-28,1,1
783,CLOV,2021-10-01,1,1
784,CLOV,2021-10-07,1,1
757,CLOV,2021-10-10,1,2
743,CLOV,2021-10-11,1,4
785,CLOV,2021-10-12,1,1
805,CLOV,2021-10-14,1,1
788,CLOV,2021-11-03,1,1
806,CLOV,2021-11-06,1,1
807,CLOV,2021-11-10,1,1
808,CLOV,2021-11-11,1,1
812,CLVR,2020-12-03,1,3
813,CLX,2020-07-31,1,1
814,CMC,2021-01-30,1,1
815,CMG,2022-08-06,1,1
816,CMP,2021-11-24,1,1
818,COIN,2021-04-14,1,1
819,COIN,2021-04-16,1,1
820,COIN,2021-05-02,1,1
821,COIN,2021-05-23,1,1
817,COIN,2021-11-04,1,2
822,COIN,2022-08-04,1,1
823,COIN,2022-08-13,1,1
824,COST,2019-01-30,1,1
825,COST,2019-09-26,1,1
826,COST,2020-02-29,1,1
827,COST,2020-09-02,1,1
828,COTY,2021-02-14,1,1
829,COUP,2021-12-04,1,1
830,CP,2021-04-04,1,1
831,CPA,2021-01-29,1,1
832,CPB,2020-06-03,1,1
833,CR,2021-06-28,1,1
834,CRM,2020-05-23,1,2
835,CROX,2021-08-08,1,1
836,CRSP,2020-12-24,1,1
837,CRSP,2021-04-25,1,1
849,CRSR,2020-10-15,1,1
850,CRSR,2020-11-10,1,1
851,CRSR,2020-11-30,1,1
852,CRSR,2020-12-03,1,1
853,CRSR,2020-12-10,1,1
854,CRSR,2020-12-29,1,1
855,CRSR,2021-01-04,1,1
842,CRSR,2021-01-21,1,2
856,CRSR,2021-01-22,1,1
857,CRSR,2021-01-23,1,1
858,CRSR,2021-01-24,1,1
844,CRSR,2021-01-25,1,2
859,CRSR,2021-01-27,1,1
860,CRSR,2021-01-29,1,1
861,CRSR,2021-01-30,1,1
843,CRSR,2021-02-02,1,2
838,CRSR,2021-02-03,1,4
862,CRSR,2021-02-08,1,1
841,CRSR,2021-02-09,1,3
879,CRSR,2021-02-10,1,1
839,CRSR,2021-02-11,1,4
880,CRSR,2021-02-12,1,1
881,CRSR,2021-02-17,1,1
882,CRSR,2021-02-18,1,1
883,CRSR,2021-04-01,1,1
884,CRSR,2021-04-04,1,1
885,CRSR,2021-04-20,1,1
886,CRSR,2021-05-04,1,1
887,CRSR,2021-05-05,1,1
888,CRSR,2021-06-03,1,1
889,CRSR,2021-06-04,1,1
848,CRSR,2021-06-11,1,2
890,CRSR,2021-06-13,1,1
840,CRSR,2021-06-14,1,3
891,CRSR,2021-06-15,1,1
892,CRSR,2021-06-19,1,1
893,CRSR,2021-06-21,1,1
847,CRSR,2021-06-22,1,2
878,CRSR,2021-06-23,1,1
877,CRSR,2021-06-25,1,1
863,CRSR,2021-06-28,1,1
876,CRSR,2021-07-16,1,1
864,CRSR,2021-07-19,1,1
865,CRSR,2021-07-20,1,1
866,CRSR,2021-07-25,1,1
867,CRSR,2021-07-28,1,1
868,CRSR,2021-08-03,1,1
869,CRSR,2021-08-04,1,1
870,CRSR,2021-08-25,1,1
845,CRSR,2021-08-30,1,2
871,CRSR,2021-08-31,1,1
846,CRSR,2021-09-02,1,2
872,CRSR,2021-09-07,1,1
873,CRSR,2021-10-07,1,1
874,CRSR,2021-10-08,1,1
875,CRSR,2021-10-15,1,1
894,CRWD,2020-12-19,1,1
895,CS,2022-10-02,1,1
896,CS,2022-10-04,1,1
897,CSX,2021-04-18,1,1
898,CVNA,2019-06-04,1,1
899,CVNA,2021-08-29,1,1
900,CVS,2019-08-21,1,1
901,CVS,2020-05-06,1,1
902,CVS,2021-05-07,1,1
903,CVS,2022-01-17,1,1
904,CVS,2022-07-16,1,1
905,CVT,2022-10-04,1,1
906,CX,2021-05-14,1,1
907,CZR,2019-01-06,1,1
908,DAL,2020-02-01,1,1
909,DARE,2020-03-08,1,1
910,DB,2021-07-07,1,1
911,DCF,2021-07-23,1,1
912,DCF,2022-07-01,1,1
913,DCP,2020-04-08,1,1
914,DDD,2021-01-28,1,1
915,DE,2021-01-05,1,1
916,DEA,2020-05-16,1,1
917,DELL,2019-04-05,1,1
918,DEO,2020-09-24,1,1
919,DG,2021-02-02,1,2
920,DGLY,2020-06-09,1,1
926,DIS,2019-04-18,1,1
927,DIS,2019-04-22,1,1
928,DIS,2019-04-27,1,1
921,DIS,2019-04-28,1,2
929,DIS,2019-04-30,1,1
930,DIS,2019-05-01,1,1
931,DIS,2019-05-04,1,1
932,DIS,2019-05-19,1,1
933,DIS,2019-12-18,1,1
934,DIS,2019-12-29,1,1
935,DIS,2020-03-11,1,1
936,DIS,2020-03-26,1,1
937,DIS,2020-03-28,1,1
938,DIS,2021-02-09,1,1
939,DIS,2021-02-10,1,1
925,DIS,2021-05-14,1,1
924,DIS,2021-12-17,1,1
923,DIS,2022-02-06,1,1
922,DIS,2022-06-13,1,1
940,DK,2020-04-24,1,1
944,DKNG,2020-05-26,1,1
945,DKNG,2020-06-03,1,1
946,DKNG,2021-01-10,1,1
947,DKNG,2021-01-30,1,1
941,DKNG,2021-06-15,1,3
942,DKNG,2021-06-16,1,2
948,DKNG,2021-06-22,1,1
943,DKNG,2021-12-07,1,2
949,DKNG,2022-01-28,1,1
950,DKS,2019-11-22,1,1
951,DMA,2020-03-02,1,1
952,DNMR,2021-06-07,1,2
953,DOCU,2021-12-02,1,1
954,DOCU,2021-12-03,1,1
955,DOLE,2021-09-29,1,2
956,DOLE,2021-09-30,1,1
957,DOOR,2020-11-27,1,1
960,DTC,2021-01-29,1,1
961,DTC,2021-02-02,1,1
959,DTC,2021-06-06,1,1
958,DTC,2022-01-13,1,1
962,DTE,2020-11-27,1,1
968,DTE,2021-07-23,1,1
963,DTE,2021-09-09,1,1
964,DTE,2022-01-31,1,1
965,DTE,2022-02-15,1,1
966,DTE,2022-09-01,1,1
967,DTE,2022-09-10,1,1
969,DWAC,2021-10-22,1,2
970,DWAC,2021-10-27,1,1
971,DWAC,2021-12-09,1,1
972,DXCM,2020-02-15,1,1
973,EA,2019-01-06,1,1
974,EA,2019-02-10,1,1
975,EA,2019-05-06,1,1
976,EA,2020-07-30,1,1
977,EA,2020-11-30,1,1
978,EAF,2021-07-08,1,1
979,EB,2020-12-17,1,1
980,EB,2021-01-30,1,1
981,EBAY,2020-07-07,1,1
982,ECVT,2021-08-10,1,1
983,ED,2021-04-02,1,1
984,ED,2021-12-24,1,1
986,EDIT,2020-02-20,1,1
987,EDIT,2020-06-10,1,1
988,EDIT,2021-01-16,1,1
989,EDIT,2021-01-31,1,1
985,EDIT,2021-02-02,1,6
990,EDIT,2021-02-03,1,1
991,EDIT,2021-02-10,1,1
992,EDIT,2021-02-11,1,1
993,EDIT,2021-02-25,1,1
994,EDIT,2021-06-10,1,1
995,EDIT,2021-06-28,1,1
996,EDIT,2021-10-05,1,1
997,EDR,2021-08-18,1,2
998,ELS,2020-05-22,1,1
999,ELSE,2021-02-04,1,1
1000,EMBK,2021-11-21,1,1
1001,ENPH,2021-10-27,1,1
1002,ERIC,2021-01-12,1,1
1003,ET,2021-01-29,1,1
1005,ET,2021-06-29,1,1
1004,ET,2022-08-17,1,1
1006,ETSY,2021-01-26,1,1
1007,ETSY,2021-03-09,1,1
1008,ETSY,2021-04-30,1,1
1009,EURN,2020-05-07,1,1
1010,EVGO,2021-08-08,1,1
1011,EXPI,2020-07-08,1,1
1012,FANG,2020-08-20,1,1
1013,FAT,2020-09-01,1,1
1014,FC,2020-04-14,1,1
1015,FCX,2020-12-21,1,2
1016,FDS,2019-09-20,1,1
1017,FDX,2020-08-25,1,1
1018,FDX,2020-10-20,1,1
1019,FDX,2022-09-16,1,1
1020,FE,2020-07-21,1,1
1021,FE,2021-06-24,1,1
1022,FIS,2021-08-16,1,1
1023,FREE,2020-09-04,1,1
1024,FREE,2021-01-14,1,1
1025,FREE,2021-01-31,1,1
1026,FREE,2021-03-09,1,1
1027,FREE,2021-06-14,1,1
1028,FSD,2022-07-01,1,1
1029,FSLY,2019-07-01,1,1
1030,FSLY,2020-07-01,1,1
1031,FSLY,2020-10-11,1,1
1032,FTI,2021-06-15,1,1
1033,FUBO,2021-01-13,1,5
1036,FUBO,2021-01-25,1,1
1037,FUBO,2021-01-28,1,1
1038,FUBO,2021-02-01,1,1
1034,FUBO,2021-03-30,1,2
1035,FUBO,2021-04-08,1,2
1039,FUBO,2021-05-11,1,1
1040,FUBO,2021-08-15,1,1
1041,FURY,2020-12-09,1,1
1042,GAB,2021-03-15,1,1
1048,GAIN,2021-01-31,1,1
1047,GAIN,2021-02-17,1,1
1043,GAIN,2021-09-30,1,1
1046,GAIN,2022-06-23,1,1
1044,GAIN,2022-08-22,1,1
1045,GAIN,2022-09-13,1,1
1049,GAME,2021-01-18,1,1
1050,GE,2019-08-20,1,1
1051,GE,2019-08-22,1,1
1052,GE,2020-05-27,1,1
1053,GENI,2021-09-08,1,1
1054,GF,2021-01-22,1,1
1055,GF,2022-08-16,1,1
1056,GILD,2020-02-27,1,8
1057,GILD,2020-02-28,1,2
1058,GILD,2020-04-16,1,1
1059,GILD,2020-05-10,1,1
1060,GL,2020-02-10,1,1
1061,GLDD,2020-08-04,1,1
1062,GLTA,2021-01-29,1,1
1063,GM,2020-03-30,1,1
1064,GM,2020-09-15,1,1
1065,GM,2020-09-16,1,1
1066,GM,2021-04-06,1,1
1067,GM,2021-06-08,1,1
1068,GM,2021-11-11,1,1
1069,GM,2022-02-06,1,1
1339,GME,2019-09-11,1,1
1340,GME,2019-12-11,1,1
1341,GME,2020-08-31,1,1
1342,GME,2020-09-29,1,1
1338,GME,2020-10-08,1,1
1343,GME,2020-10-14,1,1
1178,GME,2020-10-24,1,2
1345,GME,2020-10-27,1,1
1346,GME,2020-11-23,1,1
1347,GME,2020-11-25,1,1
1179,GME,2020-11-26,1,2
1126,GME,2020-11-27,1,5
1184,GME,2020-11-28,1,2
1193,GME,2020-11-29,1,2
1127,GME,2020-11-30,1,5
1348,GME,2020-12-01,1,1
1349,GME,2020-12-04,1,1
1194,GME,2020-12-07,1,2
1165,GME,2020-12-08,1,3
1164,GME,2020-12-09,1,3
1350,GME,2020-12-10,1,1
1162,GME,2020-12-11,1,3
1344,GME,2020-12-12,1,1
1337,GME,2020-12-13,1,1
1171,GME,2020-12-17,1,3
1336,GME,2020-12-18,1,1
1187,GME,2020-12-20,1,2
1188,GME,2020-12-21,1,2
1102,GME,2020-12-22,1,11
1113,GME,2020-12-23,1,8
1112,GME,2020-12-25,1,8
1108,GME,2020-12-27,1,9
1129,GME,2020-12-28,1,5
1107,GME,2020-12-29,1,9
1111,GME,2020-12-30,1,8
1099,GME,2020-12-31,1,14
1120,GME,2021-01-01,1,6
1148,GME,2021-01-02,1,4
1186,GME,2021-01-03,1,2
1163,GME,2021-01-04,1,3
1128,GME,2021-01-05,1,5
1335,GME,2021-01-06,1,1
1320,GME,2021-01-07,1,1
1321,GME,2021-01-08,1,1
1168,GME,2021-01-09,1,3
1117,GME,2021-01-10,1,7
1114,GME,2021-01-11,1,8
1182,GME,2021-01-12,1,2
1087,GME,2021-01-13,1,26
1084,GME,2021-01-14,1,30
1077,GME,2021-01-15,1,45
1098,GME,2021-01-16,1,15
1096,GME,2021-01-17,1,18
1089,GME,2021-01-18,1,24
1081,GME,2021-01-19,1,36
1090,GME,2021-01-20,1,23
1085,GME,2021-01-21,1,29
1079,GME,2021-01-22,1,39
1082,GME,2021-01-23,1,31
1091,GME,2021-01-24,1,22
1080,GME,2021-01-25,1,39
1118,GME,2021-01-26,1,7
1078,GME,2021-01-27,1,44
1072,GME,2021-01-28,1,124
1070,GME,2021-01-29,1,137
1073,GME,2021-01-30,1,104
1075,GME,2021-01-31,1,74
1071,GME,2021-02-01,1,131
1074,GME,2021-02-02,1,103
1076,GME,2021-02-03,1,64
1083,GME,2021-02-04,1,30
1167,GME,2021-02-07,1,3
1122,GME,2021-02-08,1,6
1115,GME,2021-02-09,1,7
1125,GME,2021-02-10,1,5
1147,GME,2021-02-11,1,4
1170,GME,2021-02-12,1,3
1124,GME,2021-02-13,1,5
1203,GME,2021-02-14,1,2
1169,GME,2021-02-15,1,3
1199,GME,2021-02-17,1,2
1103,GME,2021-02-18,1,10
1322,GME,2021-02-19,1,1
1123,GME,2021-02-20,1,5
1166,GME,2021-02-21,1,3
1110,GME,2021-02-22,1,8
1323,GME,2021-02-23,1,1
1137,GME,2021-02-24,1,5
1094,GME,2021-02-25,1,19
1097,GME,2021-02-26,1,17
1109,GME,2021-02-27,1,9
1135,GME,2021-03-02,1,5
1100,GME,2021-03-03,1,13
1105,GME,2021-03-04,1,10
1172,GME,2021-03-07,1,3
1088,GME,2021-03-08,1,24
1086,GME,2021-03-09,1,26
1093,GME,2021-03-10,1,21
1092,GME,2021-03-11,1,21
1101,GME,2021-03-12,1,12
1106,GME,2021-03-13,1,10
1130,GME,2021-03-14,1,5
1095,GME,2021-03-15,1,18
1104,GME,2021-03-16,1,10
1134,GME,2021-03-17,1,5
1146,GME,2021-03-27,1,4
1152,GME,2021-03-29,1,3
1153,GME,2021-03-30,1,3
1324,GME,2021-03-31,1,1
1116,GME,2021-04-01,1,7
1325,GME,2021-04-03,1,1
1326,GME,2021-04-04,1,1
1204,GME,2021-04-05,1,2
1327,GME,2021-04-06,1,1
1328,GME,2021-04-07,1,1
1154,GME,2021-04-08,1,3
1133,GME,2021-04-09,1,5
1145,GME,2021-04-14,1,4
1144,GME,2021-04-15,1,4
1132,GME,2021-04-16,1,5
1155,GME,2021-04-17,1,3
1206,GME,2021-04-18,1,2
1207,GME,2021-04-19,1,2
1208,GME,2021-04-20,1,2
1209,GME,2021-04-21,1,2
1329,GME,2021-04-23,1,1
1143,GME,2021-04-26,1,4
1210,GME,2021-04-28,1,2
1211,GME,2021-04-30,1,2
1330,GME,2021-05-02,1,1
1205,GME,2021-05-06,1,2
1198,GME,2021-05-07,1,2
1142,GME,2021-05-13,1,4
1331,GME,2021-05-14,1,1
1195,GME,2021-05-17,1,2
1196,GME,2021-05-18,1,2
1156,GME,2021-05-21,1,3
1332,GME,2021-05-23,1,1
1333,GME,2021-05-24,1,1
1131,GME,2021-05-25,1,5
1141,GME,2021-05-26,1,4
1334,GME,2021-05-27,1,1
1197,GME,2021-05-28,1,2
1319,GME,2021-05-29,1,1
1318,GME,2021-06-01,1,1
1200,GME,2021-06-02,1,2
1263,GME,2021-06-03,1,1
1201,GME,2021-06-08,1,2
1202,GME,2021-06-09,1,2
1317,GME,2021-06-10,1,1
1212,GME,2021-06-15,1,2
1218,GME,2021-06-16,1,2
1265,GME,2021-06-21,1,1
1219,GME,2021-06-22,1,2
1266,GME,2021-06-26,1,1
1267,GME,2021-07-01,1,1
1220,GME,2021-07-05,1,2
1268,GME,2021-07-06,1,1
1221,GME,2021-07-14,1,2
1269,GME,2021-07-16,1,1
1270,GME,2021-07-19,1,1
1222,GME,2021-07-20,1,2
1271,GME,2021-07-26,1,1
1272,GME,2021-08-01,1,1
1273,GME,2021-08-07,1,1
1274,GME,2021-08-08,1,1
1275,GME,2021-08-20,1,1
1140,GME,2021-08-23,1,4
1223,GME,2021-08-24,1,2
1276,GME,2021-08-25,1,1
1224,GME,2021-08-26,1,2
1225,GME,2021-09-01,1,2
1277,GME,2021-09-02,1,1
1278,GME,2021-09-06,1,1
1279,GME,2021-09-07,1,1
1264,GME,2021-09-08,1,1
1226,GME,2021-09-09,1,2
1227,GME,2021-09-11,1,2
1262,GME,2021-09-17,1,1
1228,GME,2021-09-28,1,2
1245,GME,2021-10-02,1,1
1261,GME,2021-10-03,1,1
1246,GME,2021-10-06,1,1
1247,GME,2021-10-12,1,1
1248,GME,2021-10-28,1,1
1249,GME,2021-11-01,1,1
1250,GME,2021-11-02,1,1
1139,GME,2021-11-03,1,4
1251,GME,2021-11-12,1,1
1252,GME,2021-11-16,1,1
1253,GME,2021-11-22,1,1
1213,GME,2021-11-29,1,2
1254,GME,2021-12-02,1,1
1255,GME,2021-12-08,1,1
1256,GME,2021-12-11,1,1
1257,GME,2021-12-15,1,1
1258,GME,2021-12-19,1,1
1259,GME,2021-12-21,1,1
1214,GME,2021-12-30,1,2
1260,GME,2022-01-05,1,1
1121,GME,2022-01-06,1,6
1136,GME,2022-01-07,1,5
1280,GME,2022-01-09,1,1
1215,GME,2022-01-10,1,2
1216,GME,2022-01-12,1,2
1281,GME,2022-01-14,1,1
1282,GME,2022-01-18,1,1
1283,GME,2022-01-20,1,1
1217,GME,2022-01-21,1,2
1303,GME,2022-01-26,1,1
1304,GME,2022-01-27,1,1
1305,GME,2022-02-08,1,1
1175,GME,2022-03-16,1,2
1306,GME,2022-03-19,1,1
1174,GME,2022-03-21,1,2
1119,GME,2022-03-22,1,6
1159,GME,2022-03-23,1,3
1160,GME,2022-03-24,1,3
1138,GME,2022-03-25,1,4
1307,GME,2022-03-26,1,1
1161,GME,2022-03-27,1,3
1149,GME,2022-03-28,1,4
1181,GME,2022-03-29,1,2
1308,GME,2022-03-30,1,1
1302,GME,2022-03-31,1,1
1309,GME,2022-04-01,1,1
1311,GME,2022-04-03,1,1
1312,GME,2022-04-04,1,1
1313,GME,2022-04-11,1,1
1176,GME,2022-04-19,1,2
1314,GME,2022-04-24,1,1
1177,GME,2022-04-25,1,2
1173,GME,2022-04-26,1,2
1315,GME,2022-04-28,1,1
1316,GME,2022-04-29,1,1
1180,GME,2022-05-13,1,2
1310,GME,2022-05-15,1,1
1301,GME,2022-05-20,1,1
1300,GME,2022-05-23,1,1
1299,GME,2022-05-24,1,1
1151,GME,2022-05-25,1,4
1183,GME,2022-05-26,1,2
1284,GME,2022-05-27,1,1
1285,GME,2022-05-30,1,1
1286,GME,2022-06-01,1,1
1287,GME,2022-06-08,1,1
1288,GME,2022-06-09,1,1
1289,GME,2022-06-21,1,1
1290,GME,2022-07-03,1,1
1291,GME,2022-07-06,1,1
1292,GME,2022-07-07,1,1
1293,GME,2022-07-17,1,1
1294,GME,2022-07-18,1,1
1185,GME,2022-07-19,1,2
1295,GME,2022-07-21,1,1
1296,GME,2022-07-22,1,1
1297,GME,2022-07-27,1,1
1298,GME,2022-08-02,1,1
1244,GME,2022-08-04,1,1
1243,GME,2022-08-07,1,1
1189,GME,2022-08-08,1,2
1157,GME,2022-08-13,1,3
1231,GME,2022-08-16,1,1
1150,GME,2022-08-17,1,4
1242,GME,2022-08-18,1,1
1232,GME,2022-08-21,1,1
1158,GME,2022-08-22,1,3
1233,GME,2022-08-23,1,1
1190,GME,2022-09-07,1,2
1191,GME,2022-09-16,1,2
1234,GME,2022-09-17,1,1
1235,GME,2022-09-19,1,1
1236,GME,2022-09-20,1,1
1192,GME,2022-09-21,1,2
1237,GME,2022-10-07,1,1
1238,GME,2022-10-22,1,1
1229,GME,2022-10-25,1,2
1230,GME,2022-10-28,1,2
1239,GME,2022-10-31,1,1
1240,GME,2022-11-03,1,1
1241,GME,2022-11-09,1,1
1351,GMED,2021-02-25,1,1
1352,GNE,2021-01-27,1,1
1353,GNUS,2021-01-28,1,1
1354,GNUS,2021-03-30,1,1
1362,GOEV,2021-01-11,1,2
1358,GOEV,2021-01-13,1,2
1357,GOEV,2021-01-22,1,3
1359,GOEV,2021-05-14,1,2
1360,GOEV,2021-06-11,1,2
1367,GOEV,2021-06-15,1,1
1361,GOEV,2021-06-23,1,2
1366,GOEV,2021-06-30,1,1
1365,GOEV,2021-09-22,1,1
1356,GOEV,2021-09-23,1,3
1355,GOEV,2021-09-24,1,4
1363,GOEV,2021-11-15,1,1
1364,GOEV,2021-11-29,1,1
1368,GOGO,2021-06-16,1,1
1370,GOLD,2020-01-03,1,1
1369,GOLD,2020-08-14,1,2
1371,GOOG,2021-09-14,1,1
1372,GOOG,2022-11-14,1,1
1373,GOOGL,2021-10-27,1,1
1374,GOOGL,2022-07-07,1,1
1375,GPRO,2019-08-22,1,1
1376,GRVY,2020-11-23,1,1
1377,GRVY,2020-11-27,1,1
1378,GRWG,2021-01-12,1,1
1379,GSAT,2021-06-21,1,2
1380,GT,2022-07-29,1,1
1381,HD,2020-03-27,1,1
1382,HD,2021-01-04,1,1
1383,HEAR,2021-02-01,1,1
1384,HES,2022-03-24,1,1
1385,HIMS,2021-02-15,1,1
1386,HIMX,2021-04-17,1,1
1387,HIMX,2021-11-29,1,1
1388,HIMX,2021-12-28,1,1
1389,HKD,2022-09-04,1,1
1390,HOOD,2021-08-01,1,1
1391,HOOD,2021-08-04,1,1
1392,HOOD,2021-12-29,1,1
1393,HOOD,2022-04-30,1,1
1394,HOOD,2022-06-24,1,1
1395,HOPE,2020-03-04,1,1
1396,HR,2020-12-11,1,1
1397,HTZ,2020-05-22,1,1
1398,HTZ,2020-05-27,1,1
1399,HTZ,2020-05-30,1,1
1402,HUT,2021-06-15,1,1
1403,HUT,2021-08-11,1,1
1404,HUT,2021-09-03,1,1
1401,HUT,2021-09-04,1,1
1400,HUT,2021-10-11,1,1
1406,HUYA,2020-05-18,1,1
1405,HUYA,2021-06-08,1,1
1407,HYLN,2021-02-11,1,1
1408,HYZN,2021-08-22,1,1
1409,IAA,2021-09-08,1,1
1410,IBKR,2020-12-12,1,1
1411,IBKR,2021-01-16,1,1
1412,IBKR,2021-01-23,1,1
1413,IBKR,2021-01-24,1,1
1414,IBM,2021-02-21,1,1
1415,ICE,2021-01-10,1,1
1416,ICE,2022-02-09,1,1
1417,ICU,2021-02-01,1,1
1418,IE,2022-08-05,1,1
1419,IHS,2020-05-14,1,1
1420,III,2022-08-17,1,1
1426,INO,2020-03-08,1,1
1425,INO,2021-01-27,1,1
1424,INO,2021-05-07,1,1
1423,INO,2021-06-09,1,1
1422,INO,2021-11-22,1,1
1421,INO,2021-11-28,1,1
1427,INTC,2019-04-28,1,1
1428,INTC,2021-01-30,1,1
1429,INTC,2022-01-16,1,1
1431,IP,2021-01-23,1,1
1432,IP,2021-04-28,1,1
1433,IP,2021-08-05,1,1
1430,IP,2021-11-16,1,2
1434,IRL,2020-08-19,1,1
1436,IRNT,2021-09-14,1,3
1435,IRNT,2021-09-15,1,10
1438,IRNT,2021-09-16,1,1
1437,IRNT,2021-09-17,1,2
1439,ITCI,2019-12-21,1,1
1440,ITCI,2019-12-24,1,1
1441,ITUB,2021-06-16,1,5
1442,ITUB,2021-06-17,1,1
1443,JD,2021-01-28,1,1
1444,JNJ,2019-07-16,1,1
1445,JNJ,2019-08-26,1,1
1448,JPM,2021-06-24,1,1
1447,JPM,2021-11-22,1,1
1446,JPM,2022-03-16,1,1
1449,KBH,2021-06-24,1,1
1450,KC,2021-09-24,1,1
1451,KGC,2019-08-08,1,1
1452,KGC,2020-02-24,1,1
1453,KO,2022-04-27,1,1
1454,KO,2022-04-28,1,1
1455,KODK,2020-11-14,1,1
1456,KSS,2019-08-15,1,1
1457,KTOS,2021-01-12,1,2
1458,LAC,2021-05-30,1,1
1459,LAC,2021-08-07,1,1
1460,LADR,2021-07-03,1,1
1461,LC,2021-10-28,1,1
1464,LCID,2021-07-25,1,1
1462,LCID,2021-07-26,1,3
1465,LCID,2021-07-27,1,1
1466,LCID,2021-07-29,1,1
1467,LCID,2021-08-24,1,1
1463,LCID,2021-09-21,1,2
1469,LCID,2021-09-22,1,1
1468,LCID,2021-10-28,1,1
1470,LCID,2021-11-15,1,1
1471,LCID,2021-11-16,1,1
1472,LCID,2021-11-19,1,1
1473,LCID,2021-11-27,1,1
1474,LEN,2021-06-22,1,1
1475,LESL,2021-06-16,1,1
1476,LEVI,2021-07-12,1,1
1482,LFG,2021-02-02,1,1
1483,LFG,2021-06-05,1,1
1484,LFG,2021-06-11,1,1
1485,LFG,2021-06-17,1,1
1486,LFG,2021-07-06,1,1
1487,LFG,2021-09-05,1,1
1488,LFG,2021-09-12,1,1
1489,LFG,2021-11-13,1,1
1490,LFG,2022-08-05,1,1
1491,LFG,2022-08-07,1,1
1481,LFG,2022-08-08,1,1
1480,LFG,2022-08-15,1,1
1477,LFG,2022-08-16,1,1
1479,LFG,2022-08-17,1,1
1478,LFG,2022-08-24,1,1
1492,LIFE,2019-10-19,1,1
1493,LIFE,2020-04-24,1,1
1494,LILM,2021-09-16,1,1
1495,LMND,2021-01-21,1,1
1496,LMT,2020-01-03,1,1
1497,LMT,2021-06-27,1,1
1498,LOAN,2022-08-24,1,1
1499,LOOP,2022-08-23,1,1
1500,LPX,2021-04-20,1,1
1501,LQDT,2022-07-23,1,1
1502,LRCX,2021-12-31,1,1
1503,LULU,2019-02-25,1,1
1504,LULU,2019-06-16,1,1
1505,LUMN,2021-01-20,1,3
1506,LVS,2020-03-08,1,1
1507,LW,2020-04-11,1,1
1508,LYFT,2019-05-08,1,1
1509,LYFT,2020-10-24,1,1
1510,LZB,2021-06-28,1,1
1511,MA,2021-01-05,1,1
1512,MA,2021-10-26,1,1
1513,MAC,2021-02-22,1,1
1514,MAN,2021-02-25,1,1
1515,MANU,2022-08-16,1,1
1516,MAPS,2021-11-12,1,1
1518,MAR,2020-03-15,1,1
1517,MAR,2021-03-12,1,2
1519,MARA,2020-12-16,1,1
1520,MARA,2020-12-26,1,1
1521,MARA,2021-02-03,1,1
1522,MARA,2021-10-16,1,1
1523,MARK,2021-02-02,1,1
1524,MAX,2021-01-31,1,1
1525,MC,2021-01-29,1,1
1532,MCD,2019-01-14,1,1
1531,MCD,2019-01-15,1,1
1530,MCD,2019-09-12,1,1
1526,MCD,2019-12-16,1,1
1529,MCD,2021-08-18,1,1
1527,MCD,2022-03-17,1,1
1528,MCD,2022-10-13,1,1
1534,ME,2020-02-14,1,1
1535,ME,2020-12-25,1,1
1536,ME,2021-01-27,1,1
1533,ME,2021-01-28,1,2
1537,ME,2021-02-12,1,1
1538,ME,2021-03-08,1,1
1539,ME,2021-03-13,1,1
1540,ME,2021-05-13,1,1
1541,ME,2021-06-14,1,1
1542,ME,2021-11-06,1,1
1543,META,2021-12-31,1,2
1545,META,2022-02-04,1,1
1546,META,2022-02-07,1,1
1547,META,2022-02-09,1,1
1548,META,2022-02-12,1,1
1549,META,2022-02-17,1,1
1550,META,2022-02-18,1,1
1551,META,2022-10-21,1,1
1544,META,2022-10-26,1,2
1552,META,2022-10-27,1,1
1553,META,2022-11-07,1,1
1554,MGM,2020-06-07,1,2
1555,MGM,2020-06-09,1,1
1556,MGM,2020-11-30,1,1
1557,MGNI,2020-11-24,1,1
1558,MGNI,2021-01-07,1,1
1559,MIND,2021-01-16,1,1
1560,MLM,2019-08-08,1,1
1561,MMAT,2021-07-13,1,2
1563,MNMD,2021-04-24,1,3
1562,MNMD,2021-04-27,1,5
1564,MNMD,2021-04-28,1,2
1565,MNMD,2021-04-29,1,2
1566,MNMD,2021-05-05,1,1
1567,MNMD,2021-06-14,1,1
1568,MNMD,2021-06-15,1,1
1569,MOMO,2021-07-08,1,1
1570,MOVE,2021-07-28,1,1
1572,MP,2020-11-24,1,1
1571,MP,2021-01-04,1,4
1573,MP,2021-04-24,1,1
1574,MRNA,2020-07-15,1,2
1575,MRNA,2020-11-28,1,2
1578,MRNA,2020-11-30,1,1
1577,MRNA,2021-11-26,1,1
1576,MRNA,2022-07-22,1,1
1579,MRVL,2020-11-22,1,1
1580,MS,2022-05-04,1,1
1602,MSFT,2019-10-22,1,1
1603,MSFT,2019-12-25,1,1
1582,MSFT,2020-02-04,1,3
1592,MSFT,2020-02-05,1,2
1591,MSFT,2020-02-06,1,2
1604,MSFT,2020-02-07,1,1
1583,MSFT,2020-02-09,1,3
1581,MSFT,2020-02-10,1,5
1590,MSFT,2020-02-11,1,2
1589,MSFT,2020-02-12,1,2
1584,MSFT,2020-02-14,1,3
1593,MSFT,2020-02-17,1,2
1585,MSFT,2020-02-18,1,3
1605,MSFT,2020-02-24,1,1
1606,MSFT,2020-02-26,1,1
1607,MSFT,2020-02-28,1,1
1608,MSFT,2020-03-14,1,1
1609,MSFT,2020-05-27,1,1
1610,MSFT,2020-06-22,1,1
1611,MSFT,2020-07-21,1,1
1612,MSFT,2020-07-31,1,1
1587,MSFT,2020-08-02,1,2
1613,MSFT,2020-08-04,1,1
1614,MSFT,2020-08-08,1,1
1615,MSFT,2020-08-27,1,1
1601,MSFT,2020-09-07,1,1
1600,MSFT,2020-10-08,1,1
1588,MSFT,2020-11-27,1,2
1586,MSFT,2020-12-02,1,3
1594,MSFT,2020-12-26,1,1
1599,MSFT,2021-05-03,1,1
1595,MSFT,2021-10-12,1,1
1596,MSFT,2021-11-14,1,1
1597,MSFT,2022-01-25,1,1
1598,MSFT,2022-05-04,1,1
1616,MSM,2022-03-12,1,1
1617,MSTR,2022-06-10,1,1
1618,MSTR,2022-06-18,1,1
1623,MT,2020-12-13,1,1
1620,MT,2020-12-14,1,2
1621,MT,2020-12-15,1,2
1622,MT,2020-12-16,1,2
1619,MT,2020-12-17,1,4
1624,MT,2020-12-20,1,1
1625,MT,2020-12-21,1,1
1626,MT,2020-12-24,1,1
1627,MT,2020-12-27,1,1
1628,MT,2021-01-12,1,1
1629,MT,2021-01-28,1,1
1630,MT,2021-05-10,1,1
1638,MU,2019-01-15,1,1
1632,MU,2019-04-10,1,2
1637,MU,2019-05-19,1,1
1633,MU,2019-06-23,1,1
1636,MU,2020-08-15,1,1
1634,MU,2021-02-19,1,1
1631,MU,2021-11-22,1,4
1635,MU,2022-01-22,1,1
1647,MVIS,2021-02-11,1,1
1648,MVIS,2021-03-02,1,1
1649,MVIS,2021-03-31,1,1
1650,MVIS,2021-04-04,1,1
1651,MVIS,2021-04-15,1,1
1646,MVIS,2021-04-19,1,2
1641,MVIS,2021-04-20,1,4
1642,MVIS,2021-04-21,1,4
1644,MVIS,2021-04-22,1,3
1640,MVIS,2021-04-23,1,6
1652,MVIS,2021-04-24,1,1
1645,MVIS,2021-04-25,1,2
1639,MVIS,2021-04-26,1,8
1643,MVIS,2021-04-27,1,4
1653,MVIS,2021-04-28,1,1
1654,MVIS,2021-05-03,1,1
1655,MVIS,2021-05-13,1,1
1656,MVIS,2021-06-01,1,1
1657,MVIS,2021-08-04,1,1
1659,MVST,2021-07-28,1,1
1660,MVST,2021-07-30,1,1
1661,MVST,2021-08-05,1,1
1658,MVST,2021-08-06,1,2
1662,MVST,2021-08-07,1,1
1663,MVST,2021-08-08,1,1
1664,MX,2021-06-17,1,1
1665,MYOV,2021-04-06,1,1
1666,NAT,2020-05-03,1,1
1667,NAT,2020-05-05,1,1
1669,NCLH,2021-02-13,1,1
1668,NCLH,2021-02-19,1,2
1670,NEGG,2021-07-07,1,2
1671,NET,2020-07-13,1,1
1672,NET,2021-08-20,1,1
1675,NFLX,2019-04-25,1,1
1676,NFLX,2019-09-24,1,1
1678,NFLX,2020-01-25,1,1
1679,NFLX,2020-03-05,1,1
1680,NFLX,2020-12-12,1,1
1681,NFLX,2021-04-23,1,1
1682,NFLX,2022-01-20,1,1
1673,NFLX,2022-04-19,1,2
1683,NFLX,2022-07-19,1,1
1677,NFLX,2022-07-20,1,1
1674,NFLX,2022-08-01,1,1
1684,NG,2021-06-03,1,1
1686,NICE,2021-02-18,1,1
1685,NICE,2022-08-16,1,1
1715,NIO,2019-02-27,1,1
1716,NIO,2020-05-10,1,1
1717,NIO,2020-07-03,1,1
1718,NIO,2020-07-13,1,1
1719,NIO,2020-08-09,1,1
1720,NIO,2020-10-14,1,1
1721,NIO,2020-11-02,1,1
1722,NIO,2020-11-06,1,1
1687,NIO,2020-11-08,1,4
1723,NIO,2020-11-11,1,1
1724,NIO,2020-11-12,1,1
1693,NIO,2020-11-13,1,2
1694,NIO,2020-11-14,1,2
1696,NIO,2020-11-15,1,2
1689,NIO,2020-11-16,1,2
1688,NIO,2020-11-17,1,4
1725,NIO,2020-11-18,1,1
1691,NIO,2020-11-19,1,2
1726,NIO,2020-11-23,1,1
1692,NIO,2020-12-12,1,2
1727,NIO,2020-12-14,1,1
1728,NIO,2020-12-17,1,1
1714,NIO,2020-12-30,1,1
1713,NIO,2021-01-03,1,1
1711,NIO,2021-01-04,1,1
1712,NIO,2021-01-08,1,1
1698,NIO,2021-01-10,1,1
1699,NIO,2021-01-11,1,1
1700,NIO,2021-01-15,1,1
1706,NIO,2021-01-20,1,1
1690,NIO,2021-01-28,1,2
1695,NIO,2021-01-31,1,2
1701,NIO,2021-03-13,1,1
1697,NIO,2021-03-15,1,2
1703,NIO,2021-03-16,1,1
1704,NIO,2021-04-06,1,1
1702,NIO,2021-04-24,1,1
1705,NIO,2021-05-26,1,1
1707,NIO,2021-06-10,1,1
1708,NIO,2021-06-27,1,1
1710,NIO,2021-07-05,1,1
1709,NIO,2021-12-27,1,1
1733,NKLA,2020-07-04,1,1
1734,NKLA,2020-08-03,1,1
1731,NKLA,2020-09-14,1,1
1730,NKLA,2020-09-15,1,1
1729,NKLA,2020-09-16,1,4
1732,NKLA,2020-09-30,1,1
1736,NNDM,2021-01-20,1,1
1737,NNDM,2021-04-01,1,1
1735,NNDM,2021-05-26,1,1
1738,NNOX,2021-04-02,1,1
1739,NOC,2021-07-13,1,1
1758,NOK,2020-07-08,1,1
1757,NOK,2020-10-17,1,1
1770,NOK,2021-01-19,1,1
1745,NOK,2021-01-20,1,6
1756,NOK,2021-01-21,1,1
1747,NOK,2021-01-22,1,5
1740,NOK,2021-01-25,1,22
1746,NOK,2021-01-26,1,5
1741,NOK,2021-01-27,1,9
1743,NOK,2021-01-28,1,8
1744,NOK,2021-01-29,1,6
1750,NOK,2021-01-30,1,3
1759,NOK,2021-01-31,1,1
1742,NOK,2021-02-01,1,8
1748,NOK,2021-02-02,1,5
1749,NOK,2021-02-03,1,4
1761,NOK,2021-02-04,1,1
1760,NOK,2021-02-08,1,1
1753,NOK,2021-02-09,1,2
1764,NOK,2021-02-13,1,1
1754,NOK,2021-02-22,1,2
1765,NOK,2021-03-12,1,1
1755,NOK,2021-05-03,1,2
1769,NOK,2021-05-04,1,1
1752,NOK,2021-05-07,1,2
1766,NOK,2021-05-09,1,1
1767,NOK,2021-05-22,1,1
1768,NOK,2021-05-30,1,1
1751,NOK,2021-06-04,1,2
1762,NOK,2021-06-25,1,1
1763,NOK,2021-09-19,1,1
1771,NOTE,2021-01-21,1,1
1772,NVAX,2020-07-17,1,1
1773,NVAX,2020-08-04,1,1
1774,NVAX,2021-01-23,1,1
1777,NVAX,2021-01-28,1,1
1775,NVAX,2021-01-31,1,1
1779,NVAX,2021-02-22,1,1
1778,NVAX,2021-04-06,1,1
1776,NVAX,2021-12-21,1,1
1783,NVDA,2019-01-06,1,2
1796,NVDA,2019-05-04,1,1
1795,NVDA,2020-05-21,1,1
1794,NVDA,2020-08-12,1,1
1793,NVDA,2020-08-18,1,1
1780,NVDA,2020-08-23,1,3
1789,NVDA,2020-08-25,1,1
1792,NVDA,2020-11-14,1,1
1791,NVDA,2021-02-22,1,1
1790,NVDA,2021-02-27,1,1
1799,NVDA,2021-10-29,1,1
1798,NVDA,2021-11-04,1,1
1797,NVDA,2021-11-08,1,1
1781,NVDA,2021-11-18,1,2
1786,NVDA,2021-12-15,1,1
1788,NVDA,2021-12-21,1,1
1787,NVDA,2022-01-08,1,1
1782,NVDA,2022-02-16,1,2
1785,NVDA,2022-07-20,1,1
1784,NVDA,2022-10-24,1,1
1800,NXE,2021-09-09,1,1
1801,NYC,2020-04-27,1,1
1804,OCGN,2021-01-28,1,1
1803,OCGN,2021-02-08,1,1
1802,OCGN,2021-10-27,1,1
1808,OI,2021-04-17,1,1
1807,OI,2021-05-11,1,1
1806,OI,2021-06-21,1,1
1805,OI,2021-09-17,1,1
1809,OPAD,2021-09-15,1,2
1812,OPEN,2020-05-27,1,1
1813,OPEN,2020-07-21,1,1
1811,OPEN,2021-01-13,1,1
1810,OPEN,2021-01-18,1,1
1814,OPI,2021-02-14,1,1
1815,OPK,2020-07-30,1,1
1816,ORCL,2020-06-02,1,1
1817,ORI,2021-08-18,1,1
1818,OSK,2021-06-10,1,1
1819,OSTK,2022-01-03,1,1
1821,OXY,2022-01-16,1,1
1820,OXY,2022-03-04,1,1
1822,OXY,2022-04-03,1,1
1823,PAA,2022-04-03,1,1
1825,PARA,2022-05-14,1,1
1824,PARA,2022-05-16,1,2
1826,PAY,2021-06-13,1,1
1827,PAYA,2021-08-28,1,1
1829,PCG,2019-01-24,1,1
1830,PCG,2020-08-16,1,1
1828,PCG,2020-09-04,1,1
1834,PDT,2019-09-26,1,1
1832,PDT,2020-05-21,1,1
1831,PDT,2022-01-04,1,1
1833,PDT,2022-02-14,1,1
1835,PEAK,2020-10-10,1,1
1836,PENN,2020-03-27,1,1
1837,PENN,2021-03-29,1,1
1838,PFE,2020-06-03,1,1
1839,PFE,2020-11-30,1,1
1840,PFE,2020-12-10,1,1
1841,PFE,2021-11-26,1,1
1842,PFE,2021-12-15,1,1
1843,PG,2020-06-15,1,1
1844,PG,2021-02-15,1,1
1845,PHAT,2020-02-03,1,1
1846,PHM,2020-01-27,1,1
1847,PINS,2020-10-29,1,1
1848,PINS,2021-11-04,1,1
1849,PL,2020-09-27,1,1
1858,PLAY,2020-04-11,1,1
1857,PLAY,2020-11-25,1,1
1851,PLAY,2021-02-10,1,1
1852,PLAY,2021-02-13,1,1
1853,PLAY,2021-06-04,1,1
1854,PLAY,2021-06-09,1,1
1850,PLAY,2021-06-28,1,2
1855,PLAY,2021-10-30,1,1
1856,PLAY,2022-05-28,1,1
1859,PLBY,2021-12-03,1,1
1860,PLNT,2020-03-24,1,1
1951,PLTR,2020-10-06,1,1
1950,PLTR,2020-10-07,1,1
1949,PLTR,2020-10-12,1,1
1948,PLTR,2020-11-06,1,1
1947,PLTR,2020-11-11,1,1
1918,PLTR,2020-11-12,1,2
1946,PLTR,2020-11-13,1,1
1945,PLTR,2020-11-14,1,1
1944,PLTR,2020-11-16,1,1
1943,PLTR,2020-11-17,1,1
1920,PLTR,2020-11-18,1,2
1921,PLTR,2020-11-19,1,2
1922,PLTR,2020-11-20,1,2
1923,PLTR,2020-11-21,1,2
1871,PLTR,2020-11-22,1,6
1882,PLTR,2020-11-23,1,4
1868,PLTR,2020-11-24,1,7
1865,PLTR,2020-11-25,1,11
1864,PLTR,2020-11-26,1,12
1861,PLTR,2020-11-27,1,18
1870,PLTR,2020-11-28,1,6
1874,PLTR,2020-11-29,1,5
1881,PLTR,2020-11-30,1,5
1904,PLTR,2020-12-01,1,3
1885,PLTR,2020-12-02,1,4
1907,PLTR,2020-12-03,1,2
1953,PLTR,2020-12-04,1,1
1909,PLTR,2020-12-05,1,2
1910,PLTR,2020-12-06,1,2
1867,PLTR,2020-12-07,1,7
1884,PLTR,2020-12-08,1,4
1911,PLTR,2020-12-09,1,2
1912,PLTR,2020-12-10,1,2
1952,PLTR,2020-12-11,1,1
1941,PLTR,2020-12-12,1,1
1880,PLTR,2020-12-13,1,5
1928,PLTR,2020-12-14,1,2
1897,PLTR,2020-12-15,1,3
1929,PLTR,2020-12-16,1,2
1878,PLTR,2020-12-17,1,5
1930,PLTR,2020-12-19,1,2
1879,PLTR,2020-12-20,1,5
1942,PLTR,2020-12-21,1,1
1925,PLTR,2020-12-22,1,2
1926,PLTR,2020-12-23,1,2
1940,PLTR,2020-12-24,1,1
2003,PLTR,2020-12-25,1,1
1896,PLTR,2020-12-26,1,3
2004,PLTR,2020-12-27,1,1
1886,PLTR,2020-12-28,1,4
1927,PLTR,2020-12-29,1,2
1924,PLTR,2020-12-30,1,2
1887,PLTR,2020-12-31,1,4
1894,PLTR,2021-01-01,1,3
2005,PLTR,2021-01-02,1,1
1895,PLTR,2021-01-03,1,3
2002,PLTR,2021-01-04,1,1
1933,PLTR,2021-01-05,1,2
1932,PLTR,2021-01-06,1,2
1906,PLTR,2021-01-07,1,2
1931,PLTR,2021-01-08,1,2
1883,PLTR,2021-01-11,1,4
1869,PLTR,2021-01-12,1,6
1876,PLTR,2021-01-13,1,5
1862,PLTR,2021-01-14,1,16
1872,PLTR,2021-01-15,1,6
2001,PLTR,2021-01-16,1,1
1916,PLTR,2021-01-17,1,2
1915,PLTR,2021-01-18,1,2
1914,PLTR,2021-01-19,1,2
1913,PLTR,2021-01-20,1,2
1889,PLTR,2021-01-21,1,4
1877,PLTR,2021-01-22,1,5
1890,PLTR,2021-01-23,1,4
1899,PLTR,2021-01-24,1,3
1891,PLTR,2021-01-25,1,4
1908,PLTR,2021-01-26,1,2
2007,PLTR,2021-01-27,1,1
2008,PLTR,2021-01-29,1,1
2009,PLTR,2021-02-01,1,1
1900,PLTR,2021-02-02,1,3
1901,PLTR,2021-02-03,1,3
2010,PLTR,2021-02-10,1,1
1875,PLTR,2021-02-15,1,5
2006,PLTR,2021-02-16,1,1
1919,PLTR,2021-02-17,1,2
1866,PLTR,2021-02-18,1,8
1863,PLTR,2021-02-19,1,13
1873,PLTR,2021-02-20,1,5
1892,PLTR,2021-02-21,1,4
1893,PLTR,2021-02-22,1,4
1902,PLTR,2021-02-23,1,3
1903,PLTR,2021-02-24,1,3
2000,PLTR,2021-02-27,1,1
1888,PLTR,2021-03-03,1,4
1917,PLTR,2021-03-04,1,2
1962,PLTR,2021-03-12,1,1
1934,PLTR,2021-03-15,1,2
1963,PLTR,2021-03-28,1,1
1964,PLTR,2021-03-29,1,1
1965,PLTR,2021-03-30,1,1
1966,PLTR,2021-04-01,1,1
1967,PLTR,2021-04-02,1,1
1938,PLTR,2021-04-08,1,2
1939,PLTR,2021-04-09,1,2
1968,PLTR,2021-04-17,1,1
1969,PLTR,2021-04-18,1,1
1970,PLTR,2021-04-19,1,1
1971,PLTR,2021-04-22,1,1
1961,PLTR,2021-04-23,1,1
1960,PLTR,2021-04-24,1,1
1955,PLTR,2021-05-02,1,1
1956,PLTR,2021-05-03,1,1
1957,PLTR,2021-05-04,1,1
1958,PLTR,2021-05-07,1,1
1959,PLTR,2021-05-10,1,1
1936,PLTR,2021-05-11,1,2
1972,PLTR,2021-05-13,1,1
1973,PLTR,2021-05-14,1,1
1988,PLTR,2021-05-18,1,1
1989,PLTR,2021-05-20,1,1
1990,PLTR,2021-05-27,1,1
1991,PLTR,2021-05-29,1,1
1992,PLTR,2021-06-04,1,1
1993,PLTR,2021-06-08,1,1
1994,PLTR,2021-06-09,1,1
1898,PLTR,2021-06-14,1,3
1995,PLTR,2021-06-19,1,1
1996,PLTR,2021-06-21,1,1
1937,PLTR,2021-06-22,1,2
1997,PLTR,2021-06-25,1,1
1998,PLTR,2021-06-27,1,1
1999,PLTR,2021-06-28,1,1
1987,PLTR,2021-06-29,1,1
1935,PLTR,2021-08-04,1,2
1986,PLTR,2021-08-11,1,1
1976,PLTR,2021-08-12,1,1
1977,PLTR,2021-08-20,1,1
1978,PLTR,2021-09-10,1,1
1980,PLTR,2021-09-16,1,1
1981,PLTR,2021-09-18,1,1
1983,PLTR,2021-09-23,1,1
1984,PLTR,2021-10-05,1,1
1954,PLTR,2021-10-10,1,1
1985,PLTR,2021-10-19,1,1
1982,PLTR,2021-11-08,1,1
1905,PLTR,2021-11-12,1,2
1979,PLTR,2021-11-17,1,1
1974,PLTR,2021-11-27,1,1
1975,PLTR,2022-02-18,1,1
2014,PLUG,2021-01-06,1,1
2013,PLUG,2021-01-07,1,1
2012,PLUG,2021-01-12,1,1
2011,PLUG,2021-02-01,1,1
2020,PM,2019-04-25,1,1
2022,PM,2020-12-03,1,1
2025,PM,2021-01-28,1,1
2024,PM,2021-02-19,1,1
2023,PM,2021-03-08,1,1
2021,PM,2021-04-27,1,1
2019,PM,2022-06-22,1,1
2018,PM,2022-08-06,1,1
2017,PM,2022-08-15,1,1
2016,PM,2022-08-16,1,1
2015,PM,2022-08-19,1,1
2026,POW,2020-03-30,1,1
2027,PPL,2020-08-01,1,1
2028,PPT,2019-01-03,1,1
2029,PR,2020-10-06,1,1
2031,PR,2020-12-01,1,1
2030,PR,2021-01-22,1,1
2036,PRPL,2020-07-19,1,1
2032,PRPL,2020-08-04,1,4
2033,PRPL,2020-08-06,1,2
2035,PRPL,2020-08-07,1,1
2034,PRPL,2020-08-22,1,1
2038,PRPL,2020-09-16,1,1
2037,PRPL,2020-09-22,1,1
2039,PRPL,2021-02-04,1,1
2040,PRPL,2021-02-19,1,1
2045,PSFE,2021-05-01,1,1
2041,PSFE,2021-06-24,1,5
2042,PSFE,2021-06-25,1,4
2044,PSFE,2021-06-27,1,1
2043,PSFE,2021-06-28,1,2
2046,PSFE,2021-07-10,1,1
2047,PSTG,2020-08-07,1,1
2058,PT,2020-03-20,1,1
2057,PT,2021-01-07,1,1
2056,PT,2021-01-21,1,1
2055,PT,2021-02-11,1,1
2054,PT,2021-02-26,1,1
2053,PT,2021-06-02,1,1
2052,PT,2021-06-15,1,1
2051,PT,2021-06-16,1,1
2050,PT,2021-09-19,1,1
2049,PT,2021-11-01,1,1
2048,PT,2022-08-15,1,1
2070,PTON,2019-12-13,1,1
2069,PTON,2019-12-17,1,1
2068,PTON,2020-05-01,1,1
2067,PTON,2020-08-30,1,1
2066,PTON,2020-09-06,1,1
2060,PTON,2020-09-10,1,2
2065,PTON,2020-10-22,1,1
2064,PTON,2020-12-23,1,1
2059,PTON,2021-02-09,1,6
2063,PTON,2021-04-23,1,1
2062,PTON,2022-02-08,1,1
2061,PTON,2022-03-20,1,1
2071,PTRA,2021-08-06,1,2
2072,PTRA,2021-08-10,1,1
2073,PUBM,2021-07-08,1,1
2075,PYPL,2019-01-06,1,1
2076,PYPL,2021-11-09,1,1
2077,PYPL,2021-11-15,1,1
2078,PYPL,2022-02-02,1,1
2074,PYPL,2022-04-14,1,2
2079,PYPL,2022-06-28,1,1
2080,PZZA,2020-04-01,1,1
2082,QS,2020-12-19,1,1
2081,QS,2021-02-17,1,1
2083,QSR,2019-08-25,1,1
2084,QUAD,2020-07-08,1,1
2086,RAD,2019-12-19,1,1
2085,RAD,2020-03-03,1,1
2087,RBC,2021-01-28,1,1
2097,RBLX,2020-11-25,1,1
2096,RBLX,2021-02-23,1,1
2095,RBLX,2021-03-07,1,1
2094,RBLX,2021-03-09,1,1
2089,RBLX,2021-03-10,1,1
2088,RBLX,2021-07-21,1,1
2090,RBLX,2021-11-07,1,1
2091,RBLX,2021-12-30,1,1
2092,RBLX,2022-02-12,1,1
2093,RBLX,2022-02-26,1,1
2098,RCII,2020-08-03,1,1
2099,RCL,2020-03-06,1,1
2100,RCL,2020-03-19,1,1
2103,REAL,2020-01-28,1,1
2104,REAL,2020-02-26,1,1
2101,REAL,2020-11-19,1,1
2102,REAL,2021-12-12,1,1
2105,REE,2021-01-04,1,2
2106,REGN,2021-01-12,1,1
2107,RICK,2022-05-20,1,1
2109,RIDE,2021-01-25,1,2
2110,RIDE,2021-01-27,1,1
2111,RIDE,2021-01-28,1,1
2112,RIDE,2021-02-02,1,1
2113,RIDE,2021-02-04,1,1
2108,RIDE,2021-03-14,1,2
2114,RIDE,2021-04-07,1,1
2115,RIDE,2021-05-19,1,1
2116,RIDE,2021-06-08,1,1
2117,RIDE,2021-06-09,1,1
2118,RIDE,2021-06-16,1,1
2119,RIDE,2021-06-22,1,1
2120,RIDE,2021-06-23,1,1
2121,RIDE,2021-09-10,1,1
2122,RIDE,2021-12-14,1,1
2123,RIG,2021-01-22,1,1
2125,RIOT,2021-02-17,1,1
2124,RIOT,2021-02-19,1,1
2128,RIVN,2021-11-12,1,1
2126,RIVN,2021-11-16,1,1
2127,RIVN,2022-07-17,1,1
2130,RKLB,2021-08-24,1,2
2133,RKLB,2021-08-29,1,1
2134,RKLB,2021-08-31,1,1
2131,RKLB,2021-09-02,1,2
2135,RKLB,2021-09-03,1,1
2136,RKLB,2021-09-13,1,1
2132,RKLB,2021-09-20,1,2
2137,RKLB,2021-10-19,1,1
2129,RKLB,2021-12-01,1,3
2156,RKT,2020-08-05,1,2
2155,RKT,2020-08-06,1,2
2159,RKT,2020-08-12,1,1
2160,RKT,2020-08-21,1,1
2161,RKT,2020-08-24,1,1
2157,RKT,2020-09-01,1,2
2162,RKT,2020-09-03,1,1
2163,RKT,2020-11-21,1,1
2164,RKT,2020-12-08,1,1
2165,RKT,2021-01-25,1,1
2166,RKT,2021-01-27,1,1
2167,RKT,2021-01-29,1,1
2168,RKT,2021-02-03,1,1
2158,RKT,2021-02-11,1,2
2169,RKT,2021-02-20,1,1
2170,RKT,2021-02-21,1,1
2171,RKT,2021-02-22,1,1
2146,RKT,2021-02-25,1,3
2139,RKT,2021-02-26,1,7
2172,RKT,2021-02-27,1,1
2138,RKT,2021-03-02,1,8
2143,RKT,2021-03-03,1,4
2174,RKT,2021-03-04,1,1
2175,RKT,2021-03-09,1,1
2176,RKT,2021-03-12,1,1
2144,RKT,2021-03-14,1,3
2151,RKT,2021-03-15,1,2
2177,RKT,2021-03-16,1,1
2142,RKT,2021-03-29,1,4
2145,RKT,2021-03-31,1,3
2178,RKT,2021-04-05,1,1
2150,RKT,2021-04-06,1,2
2179,RKT,2021-04-07,1,1
2173,RKT,2021-04-19,1,1
2180,RKT,2021-04-21,1,1
2182,RKT,2021-04-30,1,1
2149,RKT,2021-05-03,1,2
2141,RKT,2021-05-04,1,4
2148,RKT,2021-05-05,1,2
2183,RKT,2021-05-06,1,1
2184,RKT,2021-05-07,1,1
2185,RKT,2021-05-28,1,1
2152,RKT,2021-06-08,1,2
2154,RKT,2021-06-09,1,2
2147,RKT,2021-06-10,1,3
2186,RKT,2021-06-23,1,1
2153,RKT,2021-08-12,1,2
2187,RKT,2021-08-15,1,1
2140,RKT,2021-08-17,1,4
2181,RKT,2021-08-22,1,1
2188,RNG,2021-06-21,1,1
2189,ROKU,2019-10-24,1,1
2194,ROOT,2021-03-31,1,1
2191,ROOT,2021-07-03,1,1
2192,ROOT,2021-08-12,1,1
2190,ROOT,2021-09-22,1,2
2193,ROOT,2021-10-14,1,1
2204,RSI,2020-07-17,1,1
2205,RSI,2020-08-14,1,1
2206,RSI,2020-10-03,1,1
2196,RSI,2021-02-14,1,2
2207,RSI,2021-02-21,1,1
2208,RSI,2021-03-09,1,1
2209,RSI,2021-03-30,1,1
2210,RSI,2021-04-18,1,1
2211,RSI,2021-04-27,1,1
2212,RSI,2021-05-26,1,1
2213,RSI,2021-06-10,1,1
2214,RSI,2021-06-11,1,1
2215,RSI,2021-07-11,1,1
2203,RSI,2021-08-08,1,1
2202,RSI,2021-10-18,1,1
2201,RSI,2021-10-21,1,1
2200,RSI,2021-11-30,1,1
2195,RSI,2022-03-01,1,2
2197,RSI,2022-03-24,1,1
2198,RSI,2022-04-15,1,1
2199,RSI,2022-05-23,1,1
2216,RTX,2021-04-21,1,1
2217,RTX,2022-01-22,1,1
2218,RUN,2021-03-04,1,1
2219,SA,2020-04-06,1,1
2220,SAM,2019-10-17,1,1
2221,SATS,2020-04-14,1,1
2224,SAVA,2021-02-03,1,1
2225,SAVA,2021-06-10,1,1
2226,SAVA,2021-08-14,1,1
2227,SAVA,2021-10-01,1,1
2228,SAVA,2021-10-13,1,1
2229,SAVA,2021-10-24,1,1
2223,SAVA,2022-01-05,1,1
2222,SAVA,2022-01-22,1,1
2230,SAVE,2021-01-29,1,1
2231,SBSW,2022-04-11,1,1
2232,SBUX,2019-08-13,1,1
2233,SBUX,2021-07-24,1,1
2234,SCHN,2021-07-06,1,1
2235,SCHN,2021-07-08,1,1
2236,SCI,2021-02-11,1,2
2237,SCS,2021-01-27,1,2
2238,SCWX,2020-05-27,1,2
2250,SDC,2020-05-02,1,1
2251,SDC,2020-05-10,1,1
2252,SDC,2021-03-03,1,1
2253,SDC,2021-09-02,1,1
2243,SDC,2021-09-14,1,3
2241,SDC,2021-09-16,1,6
2240,SDC,2021-09-17,1,6
2254,SDC,2021-09-18,1,1
2255,SDC,2021-09-19,1,1
2244,SDC,2021-09-20,1,3
2246,SDC,2021-09-21,1,2
2256,SDC,2021-09-23,1,1
2242,SDC,2021-09-24,1,3
2257,SDC,2021-09-25,1,1
2247,SDC,2021-09-27,1,2
2258,SDC,2021-09-28,1,1
2259,SDC,2021-09-30,1,1
2248,SDC,2021-10-01,1,2
2260,SDC,2021-10-05,1,1
2239,SDC,2021-10-06,1,8
2249,SDC,2021-10-08,1,2
2262,SDC,2021-10-10,1,1
2245,SDC,2021-10-11,1,3
2261,SDC,2021-10-12,1,1
2263,SDC,2021-10-22,1,1
2264,SDC,2021-10-29,1,1
2265,SDC,2021-11-05,1,1
2268,SENS,2021-02-10,1,1
2269,SENS,2021-02-11,1,1
2270,SENS,2021-02-17,1,1
2267,SENS,2021-06-10,1,2
2266,SENS,2021-06-11,1,4
2271,SENS,2021-08-26,1,1
2272,SENS,2021-08-28,1,1
2273,SG,2021-02-03,1,1
2274,SHEL,2022-03-17,1,1
2275,SHIP,2021-01-27,1,2
2276,SHIP,2021-01-28,1,1
2277,SHIP,2021-01-29,1,1
2278,SHO,2022-08-26,1,1
2279,SHOP,2020-01-24,1,1
2280,SHOP,2020-02-12,1,1
2281,SI,2021-01-31,1,1
2282,SI,2021-10-07,1,1
2283,SIG,2021-01-31,1,1
2286,SKIN,2021-08-13,1,1
2284,SKIN,2021-08-16,1,1
2285,SKIN,2021-09-05,1,1
2288,SKLZ,2020-12-20,1,1
2289,SKLZ,2021-05-05,1,1
2290,SKLZ,2021-05-22,1,1
2291,SKLZ,2021-06-22,1,1
2287,SKLZ,2021-08-31,1,4
2292,SKLZ,2021-10-22,1,1
2293,SKLZ,2021-11-02,1,1
2295,SKT,2021-01-28,1,3
2294,SKT,2021-03-03,1,7
2296,SLVR,2020-06-29,1,1
2297,SLVR,2021-02-01,1,1
2301,SNAP,2019-04-09,1,1
2302,SNAP,2019-07-19,1,1
2299,SNAP,2019-07-22,1,2
2303,SNAP,2019-07-24,1,1
2304,SNAP,2020-02-01,1,1
2305,SNAP,2020-02-05,1,1
2306,SNAP,2020-10-23,1,1
2307,SNAP,2020-11-07,1,1
2308,SNAP,2021-01-15,1,1
2300,SNAP,2021-02-27,1,1
2309,SNAP,2021-04-06,1,1
2298,SNAP,2022-02-04,1,2
2310,SNAP,2022-07-21,1,1
2313,SNDL,2021-01-27,1,3
2312,SNDL,2021-01-28,1,4
2314,SNDL,2021-02-02,1,2
2321,SNDL,2021-02-03,1,1
2315,SNDL,2021-02-10,1,2
2311,SNDL,2021-02-11,1,4
2322,SNDL,2021-02-19,1,1
2323,SNDL,2021-02-20,1,1
2324,SNDL,2021-02-21,1,1
2325,SNDL,2021-02-27,1,1
2326,SNDL,2021-03-04,1,1
2327,SNDL,2021-03-09,1,1
2328,SNDL,2021-04-03,1,1
2329,SNDL,2021-04-07,1,1
2316,SNDL,2021-05-05,1,2
2317,SNDL,2021-05-26,1,2
2330,SNDL,2021-05-28,1,1
2331,SNDL,2021-06-05,1,1
2332,SNDL,2021-06-09,1,1
2333,SNDL,2021-06-11,1,1
2334,SNDL,2021-06-28,1,1
2320,SNDL,2021-06-29,1,1
2319,SNDL,2021-10-08,1,1
2318,SNDL,2021-11-18,1,1
2335,SNOW,2020-12-07,1,2
2336,SNOW,2022-03-02,1,1
2346,SOFI,2021-06-04,1,1
2347,SOFI,2021-06-08,1,1
2348,SOFI,2021-06-10,1,1
2345,SOFI,2021-06-14,1,2
2338,SOFI,2021-06-28,1,5
2337,SOFI,2021-06-29,1,7
2349,SOFI,2021-07-02,1,1
2342,SOFI,2021-07-06,1,2
2341,SOFI,2021-07-07,1,2
2350,SOFI,2021-07-17,1,1
2351,SOFI,2021-07-20,1,1
2340,SOFI,2021-07-21,1,2
2352,SOFI,2021-08-11,1,1
2353,SOFI,2021-08-12,1,1
2354,SOFI,2021-08-25,1,1
2344,SOFI,2021-09-01,1,2
2343,SOFI,2021-09-02,1,2
2355,SOFI,2021-09-05,1,1
2356,SOFI,2021-09-06,1,1
2357,SOFI,2021-09-22,1,1
2358,SOFI,2021-09-29,1,1
2359,SOFI,2021-10-11,1,1
2360,SOFI,2021-10-20,1,1
2361,SOFI,2021-10-21,1,1
2362,SOFI,2021-10-24,1,1
2363,SOFI,2021-11-08,1,1
2364,SOFI,2021-11-11,1,1
2365,SOFI,2022-01-22,1,1
2339,SOFI,2022-03-12,1,3
2366,SOFI,2022-04-28,1,1
2367,SOLO,2020-11-25,1,1
2368,SOS,2021-05-05,1,1
2371,SP,2020-02-25,1,1
2372,SP,2020-12-23,1,1
2369,SP,2021-01-24,1,2
2370,SP,2021-03-10,1,1
2373,SP,2021-03-14,1,1
2409,SPCE,2020-01-22,1,1
2410,SPCE,2020-01-23,1,1
2411,SPCE,2020-01-24,1,1
2412,SPCE,2020-01-26,1,1
2413,SPCE,2020-02-05,1,1
2383,SPCE,2020-02-10,1,2
2414,SPCE,2020-02-12,1,1
2378,SPCE,2020-02-14,1,3
2387,SPCE,2020-02-15,1,2
2408,SPCE,2020-02-16,1,1
2388,SPCE,2020-02-17,1,2
2407,SPCE,2020-02-18,1,1
2406,SPCE,2020-02-20,1,1
2405,SPCE,2020-02-28,1,1
2391,SPCE,2020-05-25,1,1
2392,SPCE,2020-07-17,1,1
2393,SPCE,2020-09-28,1,1
2394,SPCE,2020-12-07,1,1
2389,SPCE,2020-12-28,1,2
2395,SPCE,2021-01-13,1,1
2396,SPCE,2021-01-23,1,1
2397,SPCE,2021-01-28,1,1
2390,SPCE,2021-02-11,1,2
2398,SPCE,2021-02-14,1,1
2399,SPCE,2021-05-22,1,1
2384,SPCE,2021-05-23,1,2
2374,SPCE,2021-05-24,1,7
2379,SPCE,2021-05-25,1,3
2385,SPCE,2021-05-26,1,2
2376,SPCE,2021-05-27,1,4
2400,SPCE,2021-05-28,1,1
2401,SPCE,2021-05-29,1,1
2377,SPCE,2021-06-01,1,3
2386,SPCE,2021-06-08,1,2
2402,SPCE,2021-06-09,1,1
2403,SPCE,2021-06-22,1,1
2375,SPCE,2021-06-25,1,6
2380,SPCE,2021-06-27,1,3
2381,SPCE,2021-07-02,1,3
2404,SPCE,2021-07-08,1,1
2382,SPCE,2021-07-10,1,3
2415,SPIR,2021-09-22,1,1
2418,SPOT,2019-01-06,1,1
2417,SPOT,2020-06-27,1,1
2416,SPOT,2021-07-05,1,1
2420,SPWR,2021-01-20,1,1
2419,SPWR,2021-01-24,1,1
2421,SQ,2019-01-01,1,1
2422,SQ,2019-01-06,1,1
2423,SQ,2019-04-28,1,1
2424,SQ,2020-08-05,1,1
2425,SQ,2021-01-30,1,1
2426,SQ,2021-02-15,1,1
2427,SQ,2021-10-01,1,1
2428,SQ,2021-10-06,1,1
2429,SR,2021-03-04,1,1
2431,SRNE,2020-12-22,1,2
2432,SRNE,2021-01-15,1,1
2430,SRNE,2021-01-21,1,2
2433,SRNE,2021-01-27,1,1
2434,SRPT,2021-01-23,1,2
2435,STEM,2021-01-30,1,1
2436,STEP,2021-01-27,1,1
2437,STEP,2021-07-17,1,1
2438,STWD,2020-05-28,1,1
2439,SU,2020-09-14,1,1
2440,SYK,2022-01-06,1,1
2457,T,2020-12-19,1,1
2442,T,2021-01-15,1,1
2443,T,2021-01-20,1,1
2444,T,2021-01-29,1,1
2445,T,2021-02-02,1,1
2446,T,2021-02-04,1,1
2441,T,2021-02-15,1,2
2447,T,2021-03-03,1,1
2448,T,2021-03-04,1,1
2449,T,2021-04-29,1,1
2450,T,2021-05-13,1,1
2451,T,2021-07-28,1,1
2452,T,2021-10-16,1,1
2453,T,2022-03-27,1,1
2454,T,2022-05-07,1,1
2455,T,2022-08-15,1,1
2456,T,2022-08-17,1,1
2458,T,2022-08-19,1,1
2459,TD,2019-07-24,1,1
2460,TD,2019-11-21,1,1
2461,TD,2019-11-25,1,1
2462,TD,2021-01-28,1,1
2463,TD,2021-01-31,1,1
2464,TDOC,2020-03-17,1,1
2465,TECH,2020-08-26,1,1
2466,TECH,2021-01-07,1,1
2467,TELL,2021-02-11,1,1
2468,TELL,2021-05-21,1,1
2469,TELL,2022-01-04,1,1
2470,TFSA,2022-03-16,1,1
2471,TGT,2019-02-10,1,1
2472,TGT,2019-11-20,1,1
2473,TGT,2022-04-27,1,1
2476,TLRY,2021-01-04,1,5
2475,TLRY,2021-01-05,1,6
2511,TLRY,2021-01-07,1,1
2512,TLRY,2021-01-14,1,1
2513,TLRY,2021-02-01,1,1
2478,TLRY,2021-02-02,1,3
2510,TLRY,2021-02-03,1,1
2509,TLRY,2021-02-09,1,1
2474,TLRY,2021-02-10,1,8
2484,TLRY,2021-02-11,1,2
2492,TLRY,2021-03-28,1,1
2483,TLRY,2021-03-30,1,2
2508,TLRY,2021-04-05,1,1
2485,TLRY,2021-04-07,1,2
2493,TLRY,2021-04-14,1,1
2494,TLRY,2021-04-19,1,1
2495,TLRY,2021-06-01,1,1
2477,TLRY,2021-06-04,1,4
2496,TLRY,2021-06-07,1,1
2479,TLRY,2021-06-08,1,3
2487,TLRY,2021-06-09,1,2
2497,TLRY,2021-06-14,1,1
2498,TLRY,2021-06-18,1,1
2499,TLRY,2021-06-25,1,1
2500,TLRY,2021-07-28,1,1
2501,TLRY,2021-08-31,1,1
2486,TLRY,2021-10-04,1,2
2502,TLRY,2021-10-20,1,1
2503,TLRY,2021-10-22,1,1
2504,TLRY,2021-11-05,1,1
2505,TLRY,2021-11-18,1,1
2481,TLRY,2021-11-19,1,3
2506,TLRY,2021-11-23,1,1
2507,TLRY,2021-12-06,1,1
2482,TLRY,2022-03-24,1,2
2491,TLRY,2022-03-27,1,1
2490,TLRY,2022-04-07,1,1
2489,TLRY,2022-08-04,1,1
2488,TLRY,2022-09-12,1,1
2480,TLRY,2022-10-06,1,3
2515,TMC,2021-09-15,1,3
2514,TMC,2021-09-16,1,4
2516,TMC,2021-09-19,1,1
2517,TOP,2019-09-01,1,1
2518,TOP,2021-01-20,1,1
2519,TOP,2021-01-28,1,1
2520,TOWN,2021-04-28,1,1
2521,TR,2021-01-18,1,1
2522,TRUE,2021-01-29,1,1
2523,TRVG,2021-02-12,1,1
2652,TSLA,2019-01-09,1,1
2653,TSLA,2019-01-13,1,1
2654,TSLA,2019-01-15,1,1
2655,TSLA,2019-01-30,1,1
2656,TSLA,2019-02-01,1,1
2657,TSLA,2019-02-10,1,1
2534,TSLA,2019-03-03,1,2
2658,TSLA,2019-03-06,1,1
2651,TSLA,2019-03-07,1,1
2649,TSLA,2019-03-17,1,1
2632,TSLA,2019-04-12,1,1
2648,TSLA,2019-04-26,1,1
2633,TSLA,2019-04-30,1,1
2634,TSLA,2019-05-10,1,1
2635,TSLA,2019-05-17,1,1
2636,TSLA,2019-05-18,1,1
2637,TSLA,2019-06-04,1,1
2638,TSLA,2019-07-02,1,1
2639,TSLA,2019-07-25,1,1
2640,TSLA,2019-10-30,1,1
2641,TSLA,2019-11-04,1,1
2545,TSLA,2019-11-22,1,2
2642,TSLA,2019-11-23,1,1
2643,TSLA,2020-01-03,1,1
2644,TSLA,2020-01-14,1,1
2645,TSLA,2020-01-19,1,1
2646,TSLA,2020-01-20,1,1
2647,TSLA,2020-02-02,1,1
2547,TSLA,2020-02-03,1,2
2524,TSLA,2020-02-04,1,6
2659,TSLA,2020-02-09,1,1
2650,TSLA,2020-02-10,1,1
2660,TSLA,2020-02-18,1,1
2680,TSLA,2020-02-22,1,1
2682,TSLA,2020-03-02,1,1
2543,TSLA,2020-03-03,1,2
2683,TSLA,2020-03-04,1,1
2684,TSLA,2020-03-13,1,1
2685,TSLA,2020-03-21,1,1
2686,TSLA,2020-03-22,1,1
2687,TSLA,2020-04-06,1,1
2688,TSLA,2020-04-15,1,1
2689,TSLA,2020-04-20,1,1
2690,TSLA,2020-04-26,1,1
2691,TSLA,2020-05-03,1,1
2692,TSLA,2020-05-07,1,1
2693,TSLA,2020-05-14,1,1
2694,TSLA,2020-05-26,1,1
2695,TSLA,2020-05-30,1,1
2696,TSLA,2020-06-10,1,1
2681,TSLA,2020-07-01,1,1
2542,TSLA,2020-07-02,1,2
2544,TSLA,2020-07-06,1,2
2679,TSLA,2020-07-08,1,1
2525,TSLA,2020-07-10,1,4
2549,TSLA,2020-07-11,1,2
2548,TSLA,2020-07-14,1,2
2662,TSLA,2020-07-16,1,1
2678,TSLA,2020-07-21,1,1
2663,TSLA,2020-07-25,1,1
2546,TSLA,2020-08-02,1,2
2664,TSLA,2020-08-12,1,1
2665,TSLA,2020-08-14,1,1
2666,TSLA,2020-08-18,1,1
2667,TSLA,2020-08-22,1,1
2668,TSLA,2020-08-24,1,1
2669,TSLA,2020-08-25,1,1
2541,TSLA,2020-08-31,1,2
2670,TSLA,2020-09-01,1,1
2526,TSLA,2020-09-03,1,4
2671,TSLA,2020-09-07,1,1
2527,TSLA,2020-09-09,1,4
2672,TSLA,2020-09-12,1,1
2673,TSLA,2020-09-15,1,1
2674,TSLA,2020-09-17,1,1
2533,TSLA,2020-09-18,1,2
2675,TSLA,2020-09-19,1,1
2529,TSLA,2020-09-21,1,3
2676,TSLA,2020-09-22,1,1
2677,TSLA,2020-09-28,1,1
2661,TSLA,2020-09-29,1,1
2631,TSLA,2020-10-13,1,1
2594,TSLA,2020-10-23,1,1
2630,TSLA,2020-10-26,1,1
2577,TSLA,2020-11-11,1,1
2578,TSLA,2020-11-12,1,1
2579,TSLA,2020-11-14,1,1
2580,TSLA,2020-11-15,1,1
2532,TSLA,2020-11-19,1,3
2581,TSLA,2020-11-24,1,1
2582,TSLA,2020-11-25,1,1
2583,TSLA,2020-12-05,1,1
2584,TSLA,2020-12-07,1,1
2535,TSLA,2020-12-08,1,2
2539,TSLA,2020-12-09,1,2
2585,TSLA,2020-12-10,1,1
2586,TSLA,2020-12-11,1,1
2587,TSLA,2020-12-17,1,1
2588,TSLA,2020-12-19,1,1
2540,TSLA,2020-12-22,1,2
2589,TSLA,2020-12-30,1,1
2590,TSLA,2020-12-31,1,1
2591,TSLA,2021-01-01,1,1
2576,TSLA,2021-01-02,1,1
2574,TSLA,2021-01-04,1,1
2538,TSLA,2021-01-08,1,2
2531,TSLA,2021-01-09,1,3
2557,TSLA,2021-01-12,1,1
2573,TSLA,2021-01-15,1,1
2558,TSLA,2021-01-20,1,1
2559,TSLA,2021-01-27,1,1
2560,TSLA,2021-01-30,1,1
2561,TSLA,2021-02-03,1,1
2537,TSLA,2021-02-10,1,2
2562,TSLA,2021-02-12,1,1
2536,TSLA,2021-02-13,1,2
2563,TSLA,2021-02-25,1,1
2564,TSLA,2021-03-09,1,1
2565,TSLA,2021-03-29,1,1
2566,TSLA,2021-03-31,1,1
2567,TSLA,2021-04-01,1,1
2568,TSLA,2021-04-04,1,1
2569,TSLA,2021-04-05,1,1
2570,TSLA,2021-04-14,1,1
2555,TSLA,2021-04-21,1,2
2571,TSLA,2021-04-22,1,1
2551,TSLA,2021-04-26,1,2
2572,TSLA,2021-05-01,1,1
2592,TSLA,2021-05-26,1,1
2575,TSLA,2021-06-23,1,1
2593,TSLA,2021-07-08,1,1
2613,TSLA,2021-07-30,1,1
2615,TSLA,2021-08-01,1,1
2616,TSLA,2021-08-11,1,1
2617,TSLA,2021-09-04,1,1
2618,TSLA,2021-09-19,1,1
2619,TSLA,2021-10-17,1,1
2620,TSLA,2021-10-21,1,1
2550,TSLA,2021-10-25,1,2
2621,TSLA,2021-10-27,1,1
2622,TSLA,2021-10-30,1,1
2623,TSLA,2021-10-31,1,1
2530,TSLA,2021-11-01,1,3
2624,TSLA,2021-11-03,1,1
2625,TSLA,2021-11-07,1,1
2554,TSLA,2021-12-07,1,2
2626,TSLA,2021-12-09,1,1
2627,TSLA,2021-12-26,1,1
2628,TSLA,2021-12-28,1,1
2553,TSLA,2022-01-15,1,2
2629,TSLA,2022-01-22,1,1
2614,TSLA,2022-01-26,1,1
2612,TSLA,2022-02-23,1,1
2595,TSLA,2022-02-28,1,1
2552,TSLA,2022-03-21,1,2
2611,TSLA,2022-03-27,1,1
2596,TSLA,2022-04-03,1,1
2597,TSLA,2022-04-07,1,1
2598,TSLA,2022-04-14,1,1
2599,TSLA,2022-04-22,1,1
2600,TSLA,2022-04-25,1,1
2601,TSLA,2022-04-26,1,1
2602,TSLA,2022-05-09,1,1
2603,TSLA,2022-05-18,1,1
2604,TSLA,2022-06-10,1,1
2556,TSLA,2022-06-29,1,2
2605,TSLA,2022-07-07,1,1
2606,TSLA,2022-07-08,1,1
2607,TSLA,2022-07-18,1,1
2608,TSLA,2022-08-05,1,1
2609,TSLA,2022-08-12,1,1
2610,TSLA,2022-08-25,1,1
2697,TSLA,2022-09-30,1,1
2528,TSLA,2022-10-02,1,4
2698,TSLA,2022-10-03,1,1
2699,TSLA,2022-10-07,1,1
2700,TSLA,2022-10-08,1,1
2701,TSLA,2022-10-19,1,1
2702,TSLA,2022-11-04,1,1
2703,TSM,2019-12-11,1,1
2704,TSM,2020-02-19,1,1
2705,TSM,2021-02-03,1,1
2706,TSM,2021-02-15,1,1
2707,TSP,2021-01-28,1,1
2709,TTCF,2021-06-15,1,2
2710,TTCF,2021-07-10,1,1
2708,TTCF,2021-09-02,1,3
2711,TTM,2021-03-13,1,1
2712,TU,2020-12-05,1,2
2713,TURN,2021-01-25,1,1
2714,TWLO,2020-05-06,1,1
2715,TWLO,2020-05-22,1,1
2716,TWLO,2020-06-30,1,1
2718,TWNK,2021-02-01,1,1
2719,TWNK,2021-06-08,1,1
2717,TWNK,2022-05-15,1,1
2720,TWO,2021-01-22,1,1
2721,TY,2021-02-01,1,1
2722,UAVS,2021-01-27,1,1
2723,UBER,2020-04-03,1,1
2724,UBER,2020-04-24,1,1
2725,UBER,2020-12-13,1,1
2726,UBER,2022-01-23,1,1
2727,UBS,2019-01-23,1,1
2728,UBS,2021-08-06,1,1
2729,UBS,2021-11-22,1,1
2730,UHAL,2022-08-14,1,1
2731,UL,2021-02-14,1,1
2732,ULTA,2019-11-12,1,1
2733,ULTA,2022-06-20,1,1
2734,UNFI,2020-06-08,1,1
2735,UNFI,2021-03-03,1,1
2736,UNH,2019-12-16,1,1
2737,UNM,2020-11-15,1,1
2738,UPS,2020-09-29,1,1
2739,UPST,2021-08-10,1,1
2740,UPST,2021-08-11,1,1
2741,UPST,2021-08-24,1,1
2742,UPST,2021-10-17,1,1
2743,USB,2021-09-29,1,1
2778,UWMC,2021-02-11,1,1
2779,UWMC,2021-02-20,1,1
2751,UWMC,2021-03-02,1,4
2744,UWMC,2021-03-03,1,10
2746,UWMC,2021-03-04,1,6
2757,UWMC,2021-03-08,1,2
2749,UWMC,2021-03-09,1,5
2780,UWMC,2021-03-10,1,1
2750,UWMC,2021-03-11,1,4
2781,UWMC,2021-03-14,1,1
2777,UWMC,2021-03-15,1,1
2760,UWMC,2021-03-16,1,2
2782,UWMC,2021-03-17,1,1
2784,UWMC,2021-04-01,1,1
2785,UWMC,2021-04-15,1,1
2786,UWMC,2021-04-20,1,1
2758,UWMC,2021-04-21,1,2
2761,UWMC,2021-05-10,1,2
2755,UWMC,2021-05-12,1,3
2759,UWMC,2021-05-13,1,2
2787,UWMC,2021-05-14,1,1
2788,UWMC,2021-05-16,1,1
2748,UWMC,2021-05-17,1,5
2789,UWMC,2021-05-18,1,1
2783,UWMC,2021-05-19,1,1
2776,UWMC,2021-05-21,1,1
2762,UWMC,2021-05-22,1,2
2775,UWMC,2021-05-27,1,1
2763,UWMC,2021-06-08,1,2
2745,UWMC,2021-06-09,1,8
2747,UWMC,2021-06-10,1,6
2774,UWMC,2021-06-11,1,1
2754,UWMC,2021-06-12,1,3
2756,UWMC,2021-06-14,1,2
2753,UWMC,2021-06-15,1,3
2764,UWMC,2021-06-16,1,1
2752,UWMC,2021-06-17,1,3
2765,UWMC,2021-06-18,1,1
2766,UWMC,2021-06-22,1,1
2767,UWMC,2021-06-23,1,1
2768,UWMC,2021-06-24,1,1
2769,UWMC,2021-07-06,1,1
2770,UWMC,2021-07-22,1,1
2771,UWMC,2021-08-15,1,1
2772,UWMC,2021-10-14,1,1
2773,UWMC,2021-12-13,1,1
2790,UXIN,2020-06-10,1,1
2791,V,2020-01-15,1,2
2792,V,2020-02-18,1,1
2793,V,2020-03-08,1,1
2794,V,2021-02-01,1,1
2795,V,2021-10-26,1,1
2799,VALE,2020-09-18,1,1
2798,VALE,2020-09-20,1,1
2797,VALE,2020-12-16,1,2
2796,VALE,2021-01-07,1,2
2800,VC,2021-02-02,1,1
2801,VFF,2021-02-10,1,1
2802,VIRT,2020-03-09,1,5
2803,VLDR,2020-12-21,1,1
2804,VLTA,2021-09-17,1,1
2805,VS,2021-01-11,1,1
2806,VSCO,2022-08-27,1,2
2807,VSTO,2021-02-08,1,1
2808,VXRT,2021-01-27,1,1
2809,VZIO,2021-05-10,1,1
2810,WBA,2021-07-11,1,2
2811,WDAY,2020-05-23,1,1
2813,WELL,2021-01-11,1,1
2812,WELL,2021-05-05,1,2
2814,WELL,2021-06-12,1,1
2815,WELL,2021-06-14,1,1
2816,WELL,2021-06-15,1,1
2817,WEN,2019-05-06,1,1
2818,WEN,2020-04-21,1,1
2819,WEN,2021-06-06,1,1
2820,WEN,2021-06-13,1,1
2823,WFC,2020-07-07,1,1
2822,WFC,2020-08-12,1,1
2821,WFC,2020-09-11,1,1
2863,WISH,2021-04-21,1,1
2824,WISH,2021-06-08,1,17
2826,WISH,2021-06-09,1,13
2829,WISH,2021-06-10,1,10
2830,WISH,2021-06-11,1,9
2847,WISH,2021-06-13,1,2
2828,WISH,2021-06-14,1,10
2825,WISH,2021-06-15,1,16
2836,WISH,2021-06-16,1,6
2842,WISH,2021-06-17,1,3
2838,WISH,2021-06-18,1,3
2839,WISH,2021-06-19,1,3
2848,WISH,2021-06-20,1,1
2827,WISH,2021-06-21,1,11
2831,WISH,2021-06-22,1,9
2835,WISH,2021-06-23,1,6
2832,WISH,2021-06-24,1,8
2834,WISH,2021-06-25,1,6
2849,WISH,2021-06-26,1,1
2850,WISH,2021-06-27,1,1
2833,WISH,2021-06-28,1,6
2840,WISH,2021-06-29,1,3
2837,WISH,2021-06-30,1,4
2844,WISH,2021-07-01,1,2
2841,WISH,2021-07-02,1,3
2851,WISH,2021-07-05,1,1
2852,WISH,2021-07-09,1,1
2845,WISH,2021-07-15,1,2
2853,WISH,2021-07-19,1,1
2854,WISH,2021-07-23,1,1
2843,WISH,2021-07-28,1,3
2855,WISH,2021-07-29,1,1
2856,WISH,2021-08-12,1,1
2857,WISH,2021-08-13,1,1
2846,WISH,2021-08-28,1,2
2858,WISH,2021-08-31,1,1
2859,WISH,2021-09-01,1,1
2860,WISH,2021-09-05,1,1
2861,WISH,2021-09-06,1,1
2862,WISH,2021-09-23,1,1
2865,WISH,2021-09-27,1,1
2864,WISH,2021-10-03,1,1
2866,WISH,2021-10-04,1,1
2867,WISH,2021-10-20,1,1
2868,WISH,2021-11-10,1,1
2869,WISH,2021-11-12,1,1
2870,WISH,2022-01-05,1,1
2871,WISH,2022-02-02,1,1
2872,WISH,2022-04-02,1,1
2884,WKHS,2021-06-03,1,1
2875,WKHS,2021-06-04,1,4
2885,WKHS,2021-06-06,1,1
2886,WKHS,2021-06-07,1,1
2876,WKHS,2021-06-08,1,3
2873,WKHS,2021-06-09,1,8
2874,WKHS,2021-06-10,1,6
2883,WKHS,2021-06-11,1,2
2887,WKHS,2021-06-13,1,1
2888,WKHS,2021-06-14,1,1
2882,WKHS,2021-06-15,1,2
2889,WKHS,2021-06-16,1,1
2881,WKHS,2021-06-18,1,2
2890,WKHS,2021-06-22,1,1
2880,WKHS,2021-06-23,1,2
2891,WKHS,2021-06-25,1,1
2878,WKHS,2021-06-28,1,2
2879,WKHS,2021-06-29,1,2
2877,WKHS,2021-06-30,1,2
2892,WKHS,2021-07-15,1,1
2895,WMT,2020-07-14,1,1
2894,WMT,2020-07-19,1,1
2893,WMT,2021-01-01,1,1
2896,WOOF,2021-01-27,1,1
2898,WOOF,2021-06-14,1,1
2897,WOOF,2021-11-12,1,1
2899,WTI,2020-04-01,1,1
2900,WTI,2021-02-21,1,1
2901,WY,2021-05-09,1,1
2902,WYNN,2020-02-09,1,1
2903,XOM,2021-01-14,1,1
2904,XXII,2021-11-24,1,1
2905,ZH,2020-03-12,1,1
2907,ZIM,2021-11-22,1,2
2908,ZIM,2021-12-07,1,1
2906,ZIM,2022-03-18,1,2
2909,ZM,2020-06-03,1,1
2910,ZM,2020-06-04,1,1
2911,ZM,2020-07-16,1,1
2912,ZM,2020-09-01,1,1
2913,ZM,2020-09-23,1,1
2914,ZOM,2021-02-16,1,1
2915,ZS,2020-05-25,1,1
